-- phpMyAdmin SQL Dump
-- version 4.7.4
-- https://www.phpmyadmin.net/
--
-- Host: 127.0.0.1
-- Generation Time: Jan 21, 2019 at 02:40 PM
-- Server version: 10.1.30-MariaDB
-- PHP Version: 5.6.33

SET SQL_MODE = "NO_AUTO_VALUE_ON_ZERO";
SET AUTOCOMMIT = 0;
START TRANSACTION;
SET time_zone = "+00:00";


/*!40101 SET @OLD_CHARACTER_SET_CLIENT=@@CHARACTER_SET_CLIENT */;
/*!40101 SET @OLD_CHARACTER_SET_RESULTS=@@CHARACTER_SET_RESULTS */;
/*!40101 SET @OLD_COLLATION_CONNECTION=@@COLLATION_CONNECTION */;
/*!40101 SET NAMES utf8mb4 */;

--
-- Database: `sika_smp`
--

-- --------------------------------------------------------

--
-- Table structure for table `api`
--

CREATE TABLE `api` (
  `id` int(11) NOT NULL,
  `userkey` varchar(30) NOT NULL,
  `passkey` varchar(30) NOT NULL
) ENGINE=InnoDB DEFAULT CHARSET=latin1;

--
-- Dumping data for table `api`
--

INSERT INTO `api` (`id`, `userkey`, `passkey`) VALUES
(1, 'ql8e5o', 'h3e7fpdh3c');

-- --------------------------------------------------------

--
-- Table structure for table `ci_sessions`
--

CREATE TABLE `ci_sessions` (
  `id` varchar(40) NOT NULL,
  `ip_address` varchar(45) NOT NULL,
  `timestamp` int(10) NOT NULL,
  `data` blob NOT NULL
) ENGINE=InnoDB DEFAULT CHARSET=latin1;

--
-- Dumping data for table `ci_sessions`
--

INSERT INTO `ci_sessions` (`id`, `ip_address`, `timestamp`, `data`) VALUES
('lul3qr7hn4j2qmm7dgt22sad2878k74d', '::1', 1502551536, 0x757365726e616d657c733a353a2261646d696e223b656d61696c7c733a353a2261646d696e223b757365725f69647c733a313a2231223b6c6f676765645f696e7c623a313b5f5f63695f6c6173745f726567656e65726174657c693a313530323535313533353b),
('pm0dhjg1fvm14dp113j98s48jbjbktp5', '::1', 1502552328, 0x757365726e616d657c733a353a2261646d696e223b656d61696c7c733a353a2261646d696e223b757365725f69647c733a313a2231223b6c6f676765645f696e7c623a313b5f5f63695f6c6173745f726567656e65726174657c693a313530323535323332353b),
('e2amd90ip70a2rhfk0lppmo1d7010kb6', '127.0.0.1', 1502629610, 0x5f5f63695f6c6173745f726567656e65726174657c693a313530323632393332363b757365726e616d657c733a353a2261646d696e223b656d61696c7c733a353a2261646d696e223b757365725f69647c733a313a2231223b6c6f676765645f696e7c623a313b),
('d7fn9edaipmear872j24tq7hg65smp19', '127.0.0.1', 1502629824, 0x5f5f63695f6c6173745f726567656e65726174657c693a313530323632393737313b757365726e616d657c733a353a2261646d696e223b656d61696c7c733a353a2261646d696e223b757365725f69647c733a313a2231223b6c6f676765645f696e7c623a313b),
('qadqa7pavvf0ab7el8h27rbjoatv5vo8', '127.0.0.1', 1502630803, 0x5f5f63695f6c6173745f726567656e65726174657c693a313530323633303731373b757365726e616d657c733a353a2261646d696e223b656d61696c7c733a353a2261646d696e223b757365725f69647c733a313a2231223b6c6f676765645f696e7c623a313b),
('cm8nljn11fq4ce0sfdfvm8fvt36a5q03', '127.0.0.1', 1502631324, 0x5f5f63695f6c6173745f726567656e65726174657c693a313530323633313039383b757365726e616d657c733a353a2261646d696e223b656d61696c7c733a353a2261646d696e223b757365725f69647c733a313a2231223b6c6f676765645f696e7c623a313b),
('q2p95sl7uant1vbsh04rrqh6c1dj3lb3', '127.0.0.1', 1502631623, 0x5f5f63695f6c6173745f726567656e65726174657c693a313530323633313434303b757365726e616d657c733a353a2261646d696e223b656d61696c7c733a353a2261646d696e223b757365725f69647c733a313a2231223b6c6f676765645f696e7c623a313b706573616e7c733a363a2273756b736573223b5f5f63695f766172737c613a313a7b733a353a22706573616e223b733a333a226f6c64223b7d),
('4pbcolu1a70krcea4iaskp6c8e0ubbkp', '127.0.0.1', 1502632054, 0x5f5f63695f6c6173745f726567656e65726174657c693a313530323633313739383b757365726e616d657c733a353a2261646d696e223b656d61696c7c733a353a2261646d696e223b757365725f69647c733a313a2231223b6c6f676765645f696e7c623a313b706573616e7c733a363a2273756b736573223b5f5f63695f766172737c613a313a7b733a353a22706573616e223b733a333a226f6c64223b7d),
('i7lf16rkh0trc4hmhmpc080bllu1855a', '127.0.0.1', 1502632555, 0x5f5f63695f6c6173745f726567656e65726174657c693a313530323633323234383b757365726e616d657c733a353a2261646d696e223b656d61696c7c733a353a2261646d696e223b757365725f69647c733a313a2231223b6c6f676765645f696e7c623a313b),
('457322kurli0nbtgh2mtuandt6g4sibf', '127.0.0.1', 1502633004, 0x5f5f63695f6c6173745f726567656e65726174657c693a313530323633323730353b757365726e616d657c733a353a2261646d696e223b656d61696c7c733a353a2261646d696e223b757365725f69647c733a313a2231223b6c6f676765645f696e7c623a313b),
('oqpnbr3ijjg29gdqvl932ndu6qf4n7uk', '127.0.0.1', 1502633180, 0x5f5f63695f6c6173745f726567656e65726174657c693a313530323633333031393b757365726e616d657c733a353a2261646d696e223b656d61696c7c733a353a2261646d696e223b757365725f69647c733a313a2231223b6c6f676765645f696e7c623a313b),
('b7t9qc6kppo5n2fdo152hbnt9975tnj1', '127.0.0.1', 1502633648, 0x5f5f63695f6c6173745f726567656e65726174657c693a313530323633333431373b757365726e616d657c733a353a2261646d696e223b656d61696c7c733a353a2261646d696e223b757365725f69647c733a313a2231223b6c6f676765645f696e7c623a313b),
('4h7f6u213f6dgajhnqidg76fcicjjf5n', '127.0.0.1', 1502633750, 0x5f5f63695f6c6173745f726567656e65726174657c693a313530323633333734383b757365726e616d657c733a353a2261646d696e223b656d61696c7c733a353a2261646d696e223b757365725f69647c733a313a2231223b6c6f676765645f696e7c623a313b),
('r4b8hsd2fo85kkorkvt6584h4pis3f70', '127.0.0.1', 1502634466, 0x5f5f63695f6c6173745f726567656e65726174657c693a313530323633343232353b757365726e616d657c733a353a2261646d696e223b656d61696c7c733a353a2261646d696e223b757365725f69647c733a313a2231223b6c6f676765645f696e7c623a313b),
('8jjagj6n5btk41ijn5a30e3uedrlljto', '127.0.0.1', 1502634796, 0x5f5f63695f6c6173745f726567656e65726174657c693a313530323633343536383b757365726e616d657c733a353a2261646d696e223b656d61696c7c733a353a2261646d696e223b757365725f69647c733a313a2231223b6c6f676765645f696e7c623a313b706573616e7c733a363a2273756b736573223b5f5f63695f766172737c613a313a7b733a353a22706573616e223b733a333a226e6577223b7d),
('ur1ssj6td6q1v3830o5b84i6r65augi7', '127.0.0.1', 1502635171, 0x5f5f63695f6c6173745f726567656e65726174657c693a313530323633343837313b757365726e616d657c733a353a2261646d696e223b656d61696c7c733a353a2261646d696e223b757365725f69647c733a313a2231223b6c6f676765645f696e7c623a313b),
('9p8c4grjqbkcp2nmd3mh9uq2ua7hrot1', '127.0.0.1', 1502635425, 0x5f5f63695f6c6173745f726567656e65726174657c693a313530323633353137333b757365726e616d657c733a353a2261646d696e223b656d61696c7c733a353a2261646d696e223b757365725f69647c733a313a2231223b6c6f676765645f696e7c623a313b),
('clp1e6eatfjesajdlnc7qp0ep0nf8auf', '::1', 1502635838, 0x5f5f63695f6c6173745f726567656e65726174657c693a313530323633353534353b757365726e616d657c733a353a2261646d696e223b656d61696c7c733a353a2261646d696e223b757365725f69647c733a313a2231223b6c6f676765645f696e7c623a313b),
('4gmd6v4qec499caa54ijgg81vo1hjemb', '::1', 1502636183, 0x5f5f63695f6c6173745f726567656e65726174657c693a313530323633353838313b757365726e616d657c733a353a2261646d696e223b656d61696c7c733a353a2261646d696e223b757365725f69647c733a313a2231223b6c6f676765645f696e7c623a313b),
('pc5efgkp0sjglkv476mlf5r196b6nsu6', '::1', 1502636422, 0x5f5f63695f6c6173745f726567656e65726174657c693a313530323633363230333b757365726e616d657c733a353a2261646d696e223b656d61696c7c733a353a2261646d696e223b757365725f69647c733a313a2231223b6c6f676765645f696e7c623a313b),
('a6nj936dard56k7k2s9tgnf443na5432', '::1', 1502636730, 0x5f5f63695f6c6173745f726567656e65726174657c693a313530323633363533303b757365726e616d657c733a353a2261646d696e223b656d61696c7c733a353a2261646d696e223b757365725f69647c733a313a2231223b6c6f676765645f696e7c623a313b),
('07j0ts2c6le9o0svkfbm57gug7moq1n1', '::1', 1502637122, 0x5f5f63695f6c6173745f726567656e65726174657c693a313530323633363836323b757365726e616d657c733a353a2261646d696e223b656d61696c7c733a353a2261646d696e223b757365725f69647c733a313a2231223b6c6f676765645f696e7c623a313b),
('4kilqpv0asnohpm0bogijn9mhgmr37dp', '::1', 1502637303, 0x5f5f63695f6c6173745f726567656e65726174657c693a313530323633373230363b757365726e616d657c733a353a2261646d696e223b656d61696c7c733a353a2261646d696e223b757365725f69647c733a313a2231223b6c6f676765645f696e7c623a313b),
('94u4cv60ju291on27nsap62pf0ba582a', '::1', 1502638225, 0x5f5f63695f6c6173745f726567656e65726174657c693a313530323633383138353b757365726e616d657c733a353a2261646d696e223b656d61696c7c733a353a2261646d696e223b757365725f69647c733a313a2231223b6c6f676765645f696e7c623a313b),
('0atv0vvudpsmn631nrasf1lc0q0sser6', '::1', 1502638408, 0x5f5f63695f6c6173745f726567656e65726174657c693a313530323633383339343b757365726e616d657c733a353a2261646d696e223b656d61696c7c733a353a2261646d696e223b757365725f69647c733a313a2231223b6c6f676765645f696e7c623a313b),
('nenti51lnli4t2cbjbgbsj4tne85cc6h', '::1', 1502638395, 0x5f5f63695f6c6173745f726567656e65726174657c693a313530323633383339323b),
('22skoo9kpbjuai49dgm10vv7t5cin3j0', '::1', 1502639388, 0x5f5f63695f6c6173745f726567656e65726174657c693a313530323633393039363b757365726e616d657c733a353a2261646d696e223b656d61696c7c733a353a2261646d696e223b757365725f69647c733a313a2231223b6c6f676765645f696e7c623a313b),
('tffhvmgkagoclbn6n0m9uocie39j7gfj', '::1', 1502639726, 0x5f5f63695f6c6173745f726567656e65726174657c693a313530323633393432393b757365726e616d657c733a353a2261646d696e223b656d61696c7c733a353a2261646d696e223b757365725f69647c733a313a2231223b6c6f676765645f696e7c623a313b),
('07gba7sdc2m1bnn0hhi332umt22g661q', '::1', 1502639751, 0x5f5f63695f6c6173745f726567656e65726174657c693a313530323633393733363b757365726e616d657c733a353a2261646d696e223b656d61696c7c733a353a2261646d696e223b757365725f69647c733a313a2231223b6c6f676765645f696e7c623a313b),
('pof5bgrsvt17vn1ae0h10jig8hhf752d', '::1', 1502640142, 0x5f5f63695f6c6173745f726567656e65726174657c693a313530323634303035333b757365726e616d657c733a353a2261646d696e223b656d61696c7c733a353a2261646d696e223b757365725f69647c733a313a2231223b6c6f676765645f696e7c623a313b),
('qa3bp9pmf8hjf2tvls7r140f46f9fm5h', '::1', 1502640613, 0x5f5f63695f6c6173745f726567656e65726174657c693a313530323634303338343b757365726e616d657c733a353a2261646d696e223b656d61696c7c733a353a2261646d696e223b757365725f69647c733a313a2231223b6c6f676765645f696e7c623a313b),
('spkkp0bv8jsbuj09ueueoc3gppi46c97', '::1', 1502641001, 0x5f5f63695f6c6173745f726567656e65726174657c693a313530323634303731333b757365726e616d657c733a353a2261646d696e223b656d61696c7c733a353a2261646d696e223b757365725f69647c733a313a2231223b6c6f676765645f696e7c623a313b),
('54f6v0hn3bn0cmj6mjfrjpmsnrfncrt4', '::1', 1502641249, 0x5f5f63695f6c6173745f726567656e65726174657c693a313530323634313032303b757365726e616d657c733a353a2261646d696e223b656d61696c7c733a353a2261646d696e223b757365725f69647c733a313a2231223b6c6f676765645f696e7c623a313b),
('jqc3djrlvetvqmistekv0r6m9c9br4bv', '192.168.1.100', 1502641130, 0x5f5f63695f6c6173745f726567656e65726174657c693a313530323634313132333b757365726e616d657c733a353a2261646d696e223b656d61696c7c733a353a2261646d696e223b757365725f69647c733a313a2231223b6c6f676765645f696e7c623a313b),
('d6b891g0o1j78djp2r67uvdj31dn1m5i', '127.0.0.1', 1502719115, 0x5f5f63695f6c6173745f726567656e65726174657c693a313530323731383836343b757365726e616d657c733a353a2261646d696e223b656d61696c7c733a353a2261646d696e223b757365725f69647c733a313a2231223b6c6f676765645f696e7c623a313b),
('oid2s1ajftvam16097t95cn5ttd7ldik', '127.0.0.1', 1502719300, 0x5f5f63695f6c6173745f726567656e65726174657c693a313530323731393234373b757365726e616d657c733a353a2261646d696e223b656d61696c7c733a353a2261646d696e223b757365725f69647c733a313a2231223b6c6f676765645f696e7c623a313b),
('9s6vd929esbq54u3p9mk2vhno40g43ii', '127.0.0.1', 1502719806, 0x5f5f63695f6c6173745f726567656e65726174657c693a313530323731393738383b757365726e616d657c733a353a2261646d696e223b656d61696c7c733a353a2261646d696e223b757365725f69647c733a313a2231223b6c6f676765645f696e7c623a313b706573616e7c733a363a2273756b736573223b5f5f63695f766172737c613a313a7b733a353a22706573616e223b733a333a226f6c64223b7d),
('lj10l82thgtvu20lb0s8m5flpl0lk006', '127.0.0.1', 1502720600, 0x5f5f63695f6c6173745f726567656e65726174657c693a313530323732303431323b757365726e616d657c733a353a2261646d696e223b656d61696c7c733a353a2261646d696e223b757365725f69647c733a313a2231223b6c6f676765645f696e7c623a313b),
('rflkaudcj7el1h2oe54c22cggbb9bqt5', '127.0.0.1', 1502721084, 0x5f5f63695f6c6173745f726567656e65726174657c693a313530323732303736343b757365726e616d657c733a353a2261646d696e223b656d61696c7c733a353a2261646d696e223b757365725f69647c733a313a2231223b6c6f676765645f696e7c623a313b),
('chuqmqafk4s0c886j6i7minl1mh9lvp1', '127.0.0.1', 1502721378, 0x5f5f63695f6c6173745f726567656e65726174657c693a313530323732313039333b757365726e616d657c733a353a2261646d696e223b656d61696c7c733a353a2261646d696e223b757365725f69647c733a313a2231223b6c6f676765645f696e7c623a313b706573616e7c733a32373a22506573616e2054656c616820426572686173696c2044696b69726d223b5f5f63695f766172737c613a313a7b733a353a22706573616e223b733a333a226e6577223b7d),
('26d3qejkplk3rasd9hddf99jlm0meq74', '127.0.0.1', 1502721563, 0x5f5f63695f6c6173745f726567656e65726174657c693a313530323732313433323b757365726e616d657c733a353a2261646d696e223b656d61696c7c733a353a2261646d696e223b757365725f69647c733a313a2231223b6c6f676765645f696e7c623a313b),
('8qn89o7tqh7tgivjs81tdobh9jc3j1l3', '127.0.0.1', 1502722004, 0x5f5f63695f6c6173745f726567656e65726174657c693a313530323732313931313b757365726e616d657c733a353a2261646d696e223b656d61696c7c733a353a2261646d696e223b757365725f69647c733a313a2231223b6c6f676765645f696e7c623a313b),
('tjd83s6r5lhdt7ff5lhp8m40bb1b1mt7', '127.0.0.1', 1502722552, 0x5f5f63695f6c6173745f726567656e65726174657c693a313530323732323434363b757365726e616d657c733a353a2261646d696e223b656d61696c7c733a353a2261646d696e223b757365725f69647c733a313a2231223b6c6f676765645f696e7c623a313b),
('vpgcsonfcdn65063ndipltigi6mlou9s', '127.0.0.1', 1502723025, 0x5f5f63695f6c6173745f726567656e65726174657c693a313530323732323737333b757365726e616d657c733a353a2261646d696e223b656d61696c7c733a353a2261646d696e223b757365725f69647c733a313a2231223b6c6f676765645f696e7c623a313b),
('epejcdvsqjl2otj6s4vvfkfseviv48eo', '127.0.0.1', 1502723347, 0x5f5f63695f6c6173745f726567656e65726174657c693a313530323732333038373b757365726e616d657c733a353a2261646d696e223b656d61696c7c733a353a2261646d696e223b757365725f69647c733a313a2231223b6c6f676765645f696e7c623a313b),
('ke2pf8go3a539t1o03vu75s228gbv1q8', '127.0.0.1', 1502723757, 0x5f5f63695f6c6173745f726567656e65726174657c693a313530323732333435353b757365726e616d657c733a353a2261646d696e223b656d61696c7c733a353a2261646d696e223b757365725f69647c733a313a2231223b6c6f676765645f696e7c623a313b446174612047726f757020626572686173696c20446973696d70616e7c733a363a2273756b736573223b5f5f63695f766172737c613a313a7b733a32383a22446174612047726f757020626572686173696c20446973696d70616e223b733a333a226e6577223b7d),
('38p2gtg9f5a2mcpp1b2j07ifintodt9a', '127.0.0.1', 1502724161, 0x5f5f63695f6c6173745f726567656e65726174657c693a313530323732333735373b757365726e616d657c733a353a2261646d696e223b656d61696c7c733a353a2261646d696e223b757365725f69647c733a313a2231223b6c6f676765645f696e7c623a313b),
('qjo32gn1iv3dnucv5phm6j316ekntvng', '127.0.0.1', 1502724161, 0x5f5f63695f6c6173745f726567656e65726174657c693a313530323732343136313b757365726e616d657c733a353a2261646d696e223b656d61696c7c733a353a2261646d696e223b757365725f69647c733a313a2231223b6c6f676765645f696e7c623a313b),
('f3c7m8l0h397p7a5q17vo94v1glh5s0i', '127.0.0.1', 1502724161, 0x5f5f63695f6c6173745f726567656e65726174657c693a313530323732343136313b757365726e616d657c733a353a2261646d696e223b656d61696c7c733a353a2261646d696e223b757365725f69647c733a313a2231223b6c6f676765645f696e7c623a313b),
('hb481l0gup3det3bvh7v4am90qv1bqts', '127.0.0.1', 1502724423, 0x5f5f63695f6c6173745f726567656e65726174657c693a313530323732343136313b757365726e616d657c733a353a2261646d696e223b656d61696c7c733a353a2261646d696e223b757365725f69647c733a313a2231223b6c6f676765645f696e7c623a313b),
('h2km4qmr2004s34hj7b1a711ip6mjvuq', '127.0.0.1', 1502725013, 0x5f5f63695f6c6173745f726567656e65726174657c693a313530323732343733343b757365726e616d657c733a353a2261646d696e223b656d61696c7c733a353a2261646d696e223b757365725f69647c733a313a2231223b6c6f676765645f696e7c623a313b),
('hlqci2hlvg0ju65ni0khtbfoft70fvvn', '127.0.0.1', 1502725154, 0x5f5f63695f6c6173745f726567656e65726174657c693a313530323732353036313b757365726e616d657c733a353a2261646d696e223b656d61696c7c733a353a2261646d696e223b757365725f69647c733a313a2231223b6c6f676765645f696e7c623a313b),
('6lcfsj7lu6do9f6h9bk6f9mdnie18g0b', '127.0.0.1', 1502797984, 0x5f5f63695f6c6173745f726567656e65726174657c693a313530323739373734303b757365726e616d657c733a353a2261646d696e223b656d61696c7c733a353a2261646d696e223b757365725f69647c733a313a2231223b6c6f676765645f696e7c623a313b),
('qk4r16k4ghncrol7p9msmvm9oh15rh4v', '127.0.0.1', 1502798645, 0x5f5f63695f6c6173745f726567656e65726174657c693a313530323739383336393b757365726e616d657c733a353a2261646d696e223b656d61696c7c733a353a2261646d696e223b757365725f69647c733a313a2231223b6c6f676765645f696e7c623a313b),
('nv10emflu6ooih7gjmgtght2c2vi5fv3', '127.0.0.1', 1502799135, 0x5f5f63695f6c6173745f726567656e65726174657c693a313530323739383833363b757365726e616d657c733a353a2261646d696e223b656d61696c7c733a353a2261646d696e223b757365725f69647c733a313a2231223b6c6f676765645f696e7c623a313b),
('cddhv0u0cjp8o6u1qall5j68hi7usud9', '127.0.0.1', 1502799176, 0x5f5f63695f6c6173745f726567656e65726174657c693a313530323739393134303b757365726e616d657c733a353a2261646d696e223b656d61696c7c733a353a2261646d696e223b757365725f69647c733a313a2231223b6c6f676765645f696e7c623a313b),
('bjdfmo6vtqc9o2ij5mrhn6lhspnmg3ed', '127.0.0.1', 1502800196, 0x5f5f63695f6c6173745f726567656e65726174657c693a313530323830303032343b757365726e616d657c733a353a2261646d696e223b656d61696c7c733a353a2261646d696e223b757365725f69647c733a313a2231223b6c6f676765645f696e7c623a313b),
('1aidn4porfsr0d70pkfuvhsr0eo0hga9', '127.0.0.1', 1502800924, 0x5f5f63695f6c6173745f726567656e65726174657c693a313530323830303830383b757365726e616d657c733a353a2261646d696e223b656d61696c7c733a353a2261646d696e223b757365725f69647c733a313a2231223b6c6f676765645f696e7c623a313b),
('e7on9hpp6grhkjeq63kdopsr4d8dnhuc', '127.0.0.1', 1502801503, 0x5f5f63695f6c6173745f726567656e65726174657c693a313530323830313530333b),
('46r1ribve838jndtt7s4lbgn16nfra22', '127.0.0.1', 1502802224, 0x5f5f63695f6c6173745f726567656e65726174657c693a313530323830323032373b757365726e616d657c733a353a2261646d696e223b656d61696c7c733a353a2261646d696e223b757365725f69647c733a313a2231223b6c6f676765645f696e7c623a313b),
('jnc9rhje6oblg8kb7g95tqa39i62j5le', '::1', 1502808428, 0x5f5f63695f6c6173745f726567656e65726174657c693a313530323830383132393b757365726e616d657c733a353a2261646d696e223b656d61696c7c733a353a2261646d696e223b757365725f69647c733a313a2231223b6c6f676765645f696e7c623a313b),
('6ptvjvinf43qgl1fcqq775f6noel4n42', '::1', 1502808465, 0x5f5f63695f6c6173745f726567656e65726174657c693a313530323830383436353b),
('4gan7821klpmvvr7to65ioes1epif3r0', '127.0.0.1', 1503060291, 0x5f5f63695f6c6173745f726567656e65726174657c693a313530333036303239303b),
('cc5ac0kaoagh398s4b8ja5f7h558t7sf', '127.0.0.1', 1503060977, 0x5f5f63695f6c6173745f726567656e65726174657c693a313530333036303937373b),
('q0step766sf8hh3eukbmenl3dshl3mas', '::1', 1503106548, 0x5f5f63695f6c6173745f726567656e65726174657c693a313530333130363534343b757365726e616d657c733a353a2261646d696e223b656d61696c7c733a353a2261646d696e223b757365725f69647c733a313a2231223b6c6f676765645f696e7c623a313b),
('7b6nen60fe33em1r46gl02l35iotdbkn', '::1', 1503106971, 0x5f5f63695f6c6173745f726567656e65726174657c693a313530333130363936323b757365726e616d657c733a353a2261646d696e223b656d61696c7c733a353a2261646d696e223b757365725f69647c733a313a2231223b6c6f676765645f696e7c623a313b),
('q88pf41t4diu2pc8f9beitg84oreao6h', '::1', 1511357450, 0x5f5f63695f6c6173745f726567656e65726174657c693a313531313335373339353b757365726e616d657c733a353a2261646d696e223b656d61696c7c733a353a2261646d696e223b757365725f69647c733a313a2231223b6c6f676765645f696e7c623a313b),
('ekap0s1dqf3sovkflh69agukvuv7du1v', '127.0.0.1', 1512827579, 0x5f5f63695f6c6173745f726567656e65726174657c693a313531323832373532353b757365726e616d657c733a353a2261646d696e223b656d61696c7c733a353a2261646d696e223b757365725f69647c733a313a2231223b6c6f676765645f696e7c623a313b),
('adjrn7mjsc01rjr8nh0f5u4hc3mc0qno', '127.0.0.1', 1512828454, 0x5f5f63695f6c6173745f726567656e65726174657c693a313531323832383331303b757365726e616d657c733a353a2261646d696e223b656d61696c7c733a353a2261646d696e223b757365725f69647c733a313a2231223b6c6f676765645f696e7c623a313b),
('6b5k00kp7c2g5r52ulgm94nts2em3oim', '::1', 1512831159, 0x5f5f63695f6c6173745f726567656e65726174657c693a313531323833313133383b757365726e616d657c733a353a2261646d696e223b656d61696c7c733a353a2261646d696e223b757365725f69647c733a313a2231223b6c6f676765645f696e7c623a313b),
('ij6r0mg5q2ecb0q1usk1np1o6iqnceid', '::1', 1512833223, 0x5f5f63695f6c6173745f726567656e65726174657c693a313531323833333231363b),
('ng74q032uth2mcf8rbfu9ut4dtpvccv8', '::1', 1515594352, 0x5f5f63695f6c6173745f726567656e65726174657c693a313531353539343334363b),
('lhnkocf75t31qh4n7ldbs0lm80cttj89', '::1', 1515776842, 0x5f5f63695f6c6173745f726567656e65726174657c693a313531353737363538343b757365726e616d657c733a353a2261646d696e223b656d61696c7c733a353a2261646d696e223b757365725f69647c733a313a2231223b6c6f676765645f696e7c623a313b),
('5ld71oeqqvukuhjis7b81dlitk0h2vel', '::1', 1515777052, 0x5f5f63695f6c6173745f726567656e65726174657c693a313531353737363930373b757365726e616d657c733a353a2261646d696e223b656d61696c7c733a353a2261646d696e223b757365725f69647c733a313a2231223b6c6f676765645f696e7c623a313b),
('a5ri8ciha4grdg4gau5ad780sctgofab', '127.0.0.1', 1516199059, 0x5f5f63695f6c6173745f726567656e65726174657c693a313531363139383739313b757365726e616d657c733a353a2261646d696e223b656d61696c7c733a353a2261646d696e223b757365725f69647c733a313a2231223b6c6f676765645f696e7c623a313b),
('7sodpe4qo6qrunn13b2l01f1vacp9f1n', '::1', 1516199335, 0x5f5f63695f6c6173745f726567656e65726174657c693a313531363139393330343b757365726e616d657c733a353a2261646d696e223b656d61696c7c733a353a2261646d696e223b757365725f69647c733a313a2231223b6c6f676765645f696e7c623a313b),
('dd1okmfbspi7a4ist0t6petcpi8ag7pa', '::1', 1516206751, 0x5f5f63695f6c6173745f726567656e65726174657c693a313531363230363734313b757365726e616d657c733a353a2261646d696e223b656d61696c7c733a353a2261646d696e223b757365725f69647c733a313a2231223b6c6f676765645f696e7c623a313b),
('evj58rlk1p2i22niul6p3guat1eioths', '::1', 1516286126, 0x5f5f63695f6c6173745f726567656e65726174657c693a313531363238363131383b757365726e616d657c733a353a2261646d696e223b656d61696c7c733a353a2261646d696e223b757365725f69647c733a313a2231223b6c6f676765645f696e7c623a313b),
('6cupccm25d55v105460u221b9od8fg2q', '::1', 1516287549, 0x5f5f63695f6c6173745f726567656e65726174657c693a313531363238373338383b),
('ave41q7kpkfik2kjoeo2teo389otd6sd', '::1', 1516288388, 0x5f5f63695f6c6173745f726567656e65726174657c693a313531363238383338383b),
('rgisg7s6ol9argc0kva2p1ctdc3a44jk', '127.0.0.1', 1519739071, 0x5f5f63695f6c6173745f726567656e65726174657c693a313531393733383836393b757365726e616d657c733a353a2261646d696e223b656d61696c7c733a353a2261646d696e223b757365725f69647c733a313a2231223b6c6f676765645f696e7c623a313b),
('jq4u1q6u4o6gs5n1g0c9akv1l7smc948', '127.0.0.1', 1519739476, 0x5f5f63695f6c6173745f726567656e65726174657c693a313531393733393234343b757365726e616d657c733a353a2261646d696e223b656d61696c7c733a353a2261646d696e223b757365725f69647c733a313a2231223b6c6f676765645f696e7c623a313b),
('gnlcg81k3ss6i0l4aoocg5f4q84jea0c', '127.0.0.1', 1519915986, 0x5f5f63695f6c6173745f726567656e65726174657c693a313531393931353838353b757365726e616d657c733a353a2261646d696e223b656d61696c7c733a353a2261646d696e223b757365725f69647c733a313a2231223b6c6f676765645f696e7c623a313b),
('cvnj7i9m8bpo6qso2026tuldnriqh76b', '127.0.0.1', 1519916578, 0x5f5f63695f6c6173745f726567656e65726174657c693a313531393931363433353b757365726e616d657c733a353a2261646d696e223b656d61696c7c733a353a2261646d696e223b757365725f69647c733a313a2231223b6c6f676765645f696e7c623a313b),
('i8p4nai0d5kar14jkme1jlqsu00bliol', '127.0.0.1', 1519917028, 0x5f5f63695f6c6173745f726567656e65726174657c693a313531393931363837313b757365726e616d657c733a353a2261646d696e223b656d61696c7c733a353a2261646d696e223b757365725f69647c733a313a2231223b6c6f676765645f696e7c623a313b),
('pr9qu65bjel4rb88md0pbb7upcoqe5gc', '127.0.0.1', 1519917490, 0x5f5f63695f6c6173745f726567656e65726174657c693a313531393931373230363b757365726e616d657c733a353a2261646d696e223b656d61696c7c733a353a2261646d696e223b757365725f69647c733a313a2231223b6c6f676765645f696e7c623a313b),
('vq456qc8oakvkh6qeisoi63p2m9sro86', '127.0.0.1', 1519917847, 0x5f5f63695f6c6173745f726567656e65726174657c693a313531393931373537343b757365726e616d657c733a353a2261646d696e223b656d61696c7c733a353a2261646d696e223b757365725f69647c733a313a2231223b6c6f676765645f696e7c623a313b),
('ag1mhimik7qsovvego8kd3sbtlqa9s47', '127.0.0.1', 1519918125, 0x5f5f63695f6c6173745f726567656e65726174657c693a313531393931373838393b757365726e616d657c733a353a2261646d696e223b656d61696c7c733a353a2261646d696e223b757365725f69647c733a313a2231223b6c6f676765645f696e7c623a313b),
('qk0b0av9731golflghqqq70rbhj24b7c', '127.0.0.1', 1519918491, 0x5f5f63695f6c6173745f726567656e65726174657c693a313531393931383230373b757365726e616d657c733a353a2261646d696e223b656d61696c7c733a353a2261646d696e223b757365725f69647c733a313a2231223b6c6f676765645f696e7c623a313b),
('204t40taigvr56ifik0d4266p8nla0sr', '127.0.0.1', 1519918539, 0x5f5f63695f6c6173745f726567656e65726174657c693a313531393931383530383b757365726e616d657c733a353a2261646d696e223b656d61696c7c733a353a2261646d696e223b757365725f69647c733a313a2231223b6c6f676765645f696e7c623a313b),
('qfm4vldf4kodflgtug7n7um799p89o97', '127.0.0.1', 1519919093, 0x5f5f63695f6c6173745f726567656e65726174657c693a313531393931393030323b757365726e616d657c733a353a2261646d696e223b656d61696c7c733a353a2261646d696e223b757365725f69647c733a313a2231223b6c6f676765645f696e7c623a313b),
('6h6qujpao0rkv19q1hdtk2re7gtilo8i', '127.0.0.1', 1519919671, 0x5f5f63695f6c6173745f726567656e65726174657c693a313531393931393530363b757365726e616d657c733a353a2261646d696e223b656d61696c7c733a353a2261646d696e223b757365725f69647c733a313a2231223b6c6f676765645f696e7c623a313b),
('mo7u1u8grlfamtf877149f4mh1ogmke2', '127.0.0.1', 1519919903, 0x5f5f63695f6c6173745f726567656e65726174657c693a313531393931393839333b757365726e616d657c733a353a2261646d696e223b656d61696c7c733a353a2261646d696e223b757365725f69647c733a313a2231223b6c6f676765645f696e7c623a313b),
('c0eddgsoo5k76mnd6alnagq4osbcjine', '127.0.0.1', 1520089518, 0x5f5f63695f6c6173745f726567656e65726174657c693a313532303038393530353b757365726e616d657c733a353a2261646d696e223b656d61696c7c733a353a2261646d696e223b757365725f69647c733a313a2231223b6c6f676765645f696e7c623a313b),
('nk0nadla62n4aq0374eo9hf9p10hkii7', '127.0.0.1', 1520089505, 0x5f5f63695f6c6173745f726567656e65726174657c693a313532303038393530353b),
('6hfk2bdjq7u72dds7nluq73pgok9lemm', '127.0.0.1', 1520090528, 0x5f5f63695f6c6173745f726567656e65726174657c693a313532303039303239313b757365726e616d657c733a353a2261646d696e223b656d61696c7c733a353a2261646d696e223b757365725f69647c733a313a2231223b6c6f676765645f696e7c623a313b),
('u833k3jjep7j1k56pukqijc5g60bq79e', '127.0.0.1', 1520090891, 0x5f5f63695f6c6173745f726567656e65726174657c693a313532303039303830343b757365726e616d657c733a353a2261646d696e223b656d61696c7c733a353a2261646d696e223b757365725f69647c733a313a2231223b6c6f676765645f696e7c623a313b),
('kt3dud07k2uuqs37hu6lftl6qhiir422', '127.0.0.1', 1520091413, 0x5f5f63695f6c6173745f726567656e65726174657c693a313532303039313136323b757365726e616d657c733a353a2261646d696e223b656d61696c7c733a353a2261646d696e223b757365725f69647c733a313a2231223b6c6f676765645f696e7c623a313b),
('3mi2bubrusv9k349uh7mrhol2ve1p2k6', '127.0.0.1', 1520092643, 0x5f5f63695f6c6173745f726567656e65726174657c693a313532303039323333343b757365726e616d657c733a353a2261646d696e223b656d61696c7c733a353a2261646d696e223b757365725f69647c733a313a2231223b6c6f676765645f696e7c623a313b),
('b45dlu7erhj3rnvlvo06i0p21llg1f3i', '127.0.0.1', 1520092661, 0x5f5f63695f6c6173745f726567656e65726174657c693a313532303039323635383b757365726e616d657c733a353a2261646d696e223b656d61696c7c733a353a2261646d696e223b757365725f69647c733a313a2231223b6c6f676765645f696e7c623a313b),
('7528k15mgebohulu6cmq8vl772n5at2h', '127.0.0.1', 1520094391, 0x5f5f63695f6c6173745f726567656e65726174657c693a313532303039343239363b757365726e616d657c733a353a2261646d696e223b656d61696c7c733a353a2261646d696e223b757365725f69647c733a313a2231223b6c6f676765645f696e7c623a313b),
('qut0kt19j27umvj3h84jo7t2slqt0s50', '127.0.0.1', 1520094699, 0x5f5f63695f6c6173745f726567656e65726174657c693a313532303039343638353b757365726e616d657c733a353a2261646d696e223b656d61696c7c733a353a2261646d696e223b757365725f69647c733a313a2231223b6c6f676765645f696e7c623a313b),
('lhfkdvfdmctunfe4139b9g3uk65iaq0i', '127.0.0.1', 1520095298, 0x5f5f63695f6c6173745f726567656e65726174657c693a313532303039353130363b757365726e616d657c733a353a2261646d696e223b656d61696c7c733a353a2261646d696e223b757365725f69647c733a313a2231223b6c6f676765645f696e7c623a313b),
('m79tepaa1h79bvjhmrecdnlapnan1se5', '127.0.0.1', 1520095723, 0x5f5f63695f6c6173745f726567656e65726174657c693a313532303039353732333b757365726e616d657c733a353a2261646d696e223b656d61696c7c733a353a2261646d696e223b757365725f69647c733a313a2231223b6c6f676765645f696e7c623a313b),
('23dj9cnjfp6hqfsqck7lfruirttpph1l', '127.0.0.1', 1520096794, 0x5f5f63695f6c6173745f726567656e65726174657c693a313532303039363739313b757365726e616d657c733a353a2261646d696e223b656d61696c7c733a353a2261646d696e223b757365725f69647c733a313a2231223b6c6f676765645f696e7c623a313b),
('l61h4kk9qmfttkigbmuhg8lsvgib83ml', '127.0.0.1', 1520428925, 0x5f5f63695f6c6173745f726567656e65726174657c693a313532303432383931373b757365726e616d657c733a353a2261646d696e223b656d61696c7c733a353a2261646d696e223b757365725f69647c733a313a2231223b6c6f676765645f696e7c623a313b),
('vg404mpu8j3rh7jkijkce853n0uqi4gu', '127.0.0.1', 1540397622, 0x5f5f63695f6c6173745f726567656e65726174657c693a313534303339373534343b757365726e616d657c733a353a2261646d696e223b656d61696c7c733a353a2261646d696e223b757365725f69647c733a313a2231223b6c6f676765645f696e7c623a313b),
('8e1lhj9sbke01oms8fejqcq0v5mbl1a3', '127.0.0.1', 1540737305, 0x5f5f63695f6c6173745f726567656e65726174657c693a313534303733373330353b),
('hgfnvr5013cpsoe0ihvk26o7clcc6jot', '::1', 1540826997, 0x5f5f63695f6c6173745f726567656e65726174657c693a313534303832363736313b757365726e616d657c733a353a2261646d696e223b656d61696c7c733a353a2261646d696e223b757365725f69647c733a313a2231223b6c6f676765645f696e7c623a313b),
('49a3662nqkdbchaqpboju2u1dth8vghr', '::1', 1540827418, 0x5f5f63695f6c6173745f726567656e65726174657c693a313534303832373235303b757365726e616d657c733a353a2261646d696e223b656d61696c7c733a353a2261646d696e223b757365725f69647c733a313a2231223b6c6f676765645f696e7c623a313b),
('ncl7d1vf6847f81b8qmmkeboe27agovv', '::1', 1541753173, 0x5f5f63695f6c6173745f726567656e65726174657c693a313534313735323939333b757365726e616d657c733a353a2261646d696e223b656d61696c7c733a353a2261646d696e223b757365725f69647c733a313a2231223b6c6f676765645f696e7c623a313b),
('upqh2vq8if0q883f2bt3j6dh8msgo0pd', '::1', 1541760140, 0x5f5f63695f6c6173745f726567656e65726174657c693a313534313736303039383b757365726e616d657c733a353a2261646d696e223b656d61696c7c733a353a2261646d696e223b757365725f69647c733a313a2231223b6c6f676765645f696e7c623a313b),
('jgv31nb8pm3787cdbqc9ov6ur4oocmr1', '::1', 1541760685, 0x5f5f63695f6c6173745f726567656e65726174657c693a313534313736303634383b757365726e616d657c733a353a2261646d696e223b656d61696c7c733a353a2261646d696e223b757365725f69647c733a313a2231223b6c6f676765645f696e7c623a313b),
('1ij0f5turl74eh3tetf6038e6ebunlo8', '::1', 1541896101, 0x5f5f63695f6c6173745f726567656e65726174657c693a313534313839363034333b757365726e616d657c733a353a2261646d696e223b656d61696c7c733a353a2261646d696e223b757365725f69647c733a313a2231223b6c6f676765645f696e7c623a313b),
('3mo9kpj5besjenvicmm5rg8veifcu7dk', '::1', 1541990120, 0x5f5f63695f6c6173745f726567656e65726174657c693a313534313939303131393b),
('ud0urgq4bfa7kus5pouqal33s9n9hg3t', '::1', 1542164654, 0x5f5f63695f6c6173745f726567656e65726174657c693a313534323136343633343b757365726e616d657c733a353a2261646d696e223b656d61696c7c733a353a2261646d696e223b757365725f69647c733a313a2231223b6c6f676765645f696e7c623a313b),
('9i9eat1n2oilsvh9bm6840mfthrd8alf', '::1', 1542164777, 0x5f5f63695f6c6173745f726567656e65726174657c693a313534323136343737373b),
('h4lks1e2fk7f5savan68ouoh3c3pfr0l', '::1', 1542165942, 0x5f5f63695f6c6173745f726567656e65726174657c693a313534323136353733353b757365726e616d657c733a353a2261646d696e223b656d61696c7c733a353a2261646d696e223b757365725f69647c733a313a2231223b6c6f676765645f696e7c623a313b),
('uv12sp3srcidndnd01bdkvdmgluncrvo', '::1', 1542166985, 0x5f5f63695f6c6173745f726567656e65726174657c693a313534323136363930343b757365726e616d657c733a353a2261646d696e223b656d61696c7c733a353a2261646d696e223b757365725f69647c733a313a2231223b6c6f676765645f696e7c623a313b),
('jo9hom24lk6qil3rd2eq5k1qgf5l182u', '::1', 1542170034, 0x5f5f63695f6c6173745f726567656e65726174657c693a313534323136393932383b757365726e616d657c733a353a2261646d696e223b656d61696c7c733a353a2261646d696e223b757365725f69647c733a313a2231223b6c6f676765645f696e7c623a313b),
('7khjiaihee1vnu9a6a5tsuovibmn6djq', '::1', 1542170611, 0x5f5f63695f6c6173745f726567656e65726174657c693a313534323137303335393b757365726e616d657c733a353a2261646d696e223b656d61696c7c733a353a2261646d696e223b757365725f69647c733a313a2231223b6c6f676765645f696e7c623a313b),
('mcukrfuke5ot1t1abda0oo4co13j93d8', '::1', 1542171286, 0x5f5f63695f6c6173745f726567656e65726174657c693a313534323137313136353b),
('2cd7p278cg8c54hn9sts3h71n3seq64o', '::1', 1542171594, 0x5f5f63695f6c6173745f726567656e65726174657c693a313534323137313535313b),
('qvumr6q3q54nnslr2li5ag6skbm1m4ps', '::1', 1542438543, 0x5f5f63695f6c6173745f726567656e65726174657c693a313534323433383435323b),
('k39vi96gv51uc0qrta8699os8jdsu4eq', '::1', 1542439428, 0x5f5f63695f6c6173745f726567656e65726174657c693a313534323433393133383b757365726e616d657c733a31303a22737570657261646d696e223b6e616d615f6c656e676b61707c733a31353a225269666b69416e64726979616e746f223b6c6576656c7c733a313a2231223b),
('a499og4vfm9f26cpoucts4fnp2udun20', '::1', 1542439805, 0x5f5f63695f6c6173745f726567656e65726174657c693a313534323433393531393b757365726e616d657c733a343a22416c6966223b6e616d615f6c656e676b61707c733a31313a22416e6f2053756d61726e61223b6c6576656c7c733a313a2233223b),
('ueljkkvq6n0pa56tnl1nblk8djcfbisk', '::1', 1542442980, 0x5f5f63695f6c6173745f726567656e65726174657c693a313534323434323930333b757365726e616d657c733a31303a22737570657261646d696e223b6e616d615f6c656e676b61707c733a31353a225269666b69416e64726979616e746f223b6c6576656c7c733a313a2231223b),
('spbg1gu8l0fhe0qd6nku0elb7bvr2brj', '::1', 1542443322, 0x5f5f63695f6c6173745f726567656e65726174657c693a313534323434333236303b757365726e616d657c733a31303a22737570657261646d696e223b6e616d615f6c656e676b61707c733a31353a225269666b69416e64726979616e746f223b6c6576656c7c733a313a2231223b),
('g6topv2fbc032sohkqr7kpo7bb0q0suc', '::1', 1542443682, 0x5f5f63695f6c6173745f726567656e65726174657c693a313534323434333630323b757365726e616d657c733a31303a22737570657261646d696e223b6e616d615f6c656e676b61707c733a31353a225269666b69416e64726979616e746f223b6c6576656c7c733a313a2231223b),
('gfeepeobk8jse751tdrtali1v2v4afg0', '::1', 1542444570, 0x5f5f63695f6c6173745f726567656e65726174657c693a313534323434343433333b757365726e616d657c733a31303a22737570657261646d696e223b6e616d615f6c656e676b61707c733a31353a225269666b69416e64726979616e746f223b6c6576656c7c733a313a2231223b),
('9c9bqf1s5cef6561gogpmvbd59std6t0', '::1', 1542445291, 0x5f5f63695f6c6173745f726567656e65726174657c693a313534323434353037353b757365726e616d657c733a31303a22737570657261646d696e223b6e616d615f6c656e676b61707c733a31353a225269666b69416e64726979616e746f223b6c6576656c7c733a313a2231223b),
('krfqtgqkljvgck5d4im2hnubdld8cthu', '::1', 1542445953, 0x5f5f63695f6c6173745f726567656e65726174657c693a313534323434353732353b757365726e616d657c733a31303a22737570657261646d696e223b6e616d615f6c656e676b61707c733a31353a225269666b69416e64726979616e746f223b6c6576656c7c733a313a2231223b),
('agpttetbf9c5g9mv6f8vbp26cukakm8j', '::1', 1542448633, 0x5f5f63695f6c6173745f726567656e65726174657c693a313534323434383535343b757365726e616d657c733a31303a22737570657261646d696e223b6e616d615f6c656e676b61707c733a31353a225269666b69416e64726979616e746f223b6c6576656c7c733a313a2231223b),
('s00lq967s38juiippj1v910e269lckak', '::1', 1542541263, 0x5f5f63695f6c6173745f726567656e65726174657c693a313534323534313235303b757365726e616d657c733a31303a22737570657261646d696e223b6e616d615f6c656e676b61707c733a31353a225269666b69416e64726979616e746f223b6c6576656c7c733a313a2231223b),
('kq5eppuglfv2gu1b5ovfhigv4n38ncek', '::1', 1542542075, 0x5f5f63695f6c6173745f726567656e65726174657c693a313534323534313839373b757365726e616d657c733a31303a22737570657261646d696e223b6e616d615f6c656e676b61707c733a31353a225269666b69416e64726979616e746f223b6c6576656c7c733a313a2231223b),
('5fq2r4158u23kjap9lbfj1mbro355773', '::1', 1542543034, 0x5f5f63695f6c6173745f726567656e65726174657c693a313534323534323733343b757365726e616d657c733a31303a22737570657261646d696e223b6e616d615f6c656e676b61707c733a31353a225269666b69416e64726979616e746f223b6c6576656c7c733a313a2231223b),
('v7n5reralo8q0tfc5e784lgef1en96el', '::1', 1542543140, 0x5f5f63695f6c6173745f726567656e65726174657c693a313534323534333034353b757365726e616d657c733a31303a22737570657261646d696e223b6e616d615f6c656e676b61707c733a31353a225269666b69416e64726979616e746f223b6c6576656c7c733a313a2231223b),
('enni4up3j0018r774viog8tjkgiiif3v', '::1', 1542543305, 0x5f5f63695f6c6173745f726567656e65726174657c693a313534323534333239333b757365726e616d657c733a31303a22737570657261646d696e223b6e616d615f6c656e676b61707c733a31353a225269666b69416e64726979616e746f223b6c6576656c7c733a313a2231223b),
('8e3iol3phj69b916k7a1nb0v7klkm75h', '::1', 1542545251, 0x5f5f63695f6c6173745f726567656e65726174657c693a313534323534353232343b757365726e616d657c733a343a22416c6966223b6e616d615f6c656e676b61707c733a31313a22416e6f2053756d61726e61223b6c6576656c7c733a313a2233223b),
('o5s0ttou7cnjos7u2m7cv5mtgdnho6hk', '::1', 1542545544, 0x5f5f63695f6c6173745f726567656e65726174657c693a313534323534353532353b757365726e616d657c733a31303a22737570657261646d696e223b6e616d615f6c656e676b61707c733a31353a225269666b69416e64726979616e746f223b6c6576656c7c733a313a2231223b),
('po3qgc1qbjirqjl6pv4phuadegisrcco', '::1', 1542545853, 0x5f5f63695f6c6173745f726567656e65726174657c693a313534323534353835333b757365726e616d657c733a31303a22737570657261646d696e223b6e616d615f6c656e676b61707c733a31353a225269666b69416e64726979616e746f223b6c6576656c7c733a313a2231223b),
('3afvveefj86ahulk2l31c5g1l05pvl6l', '::1', 1542546419, 0x5f5f63695f6c6173745f726567656e65726174657c693a313534323534363135373b757365726e616d657c733a31303a22737570657261646d696e223b6e616d615f6c656e676b61707c733a31353a225269666b69416e64726979616e746f223b6c6576656c7c733a313a2231223b),
('d16tjuief32usdliu3nr5vcq2erus8qa', '::1', 1542546792, 0x5f5f63695f6c6173745f726567656e65726174657c693a313534323534363539353b757365726e616d657c733a31303a22737570657261646d696e223b6e616d615f6c656e676b61707c733a31353a225269666b69416e64726979616e746f223b6c6576656c7c733a313a2231223b),
('7d4d10i239dgb02o3b3co7tjvul12ii8', '::1', 1542546909, 0x5f5f63695f6c6173745f726567656e65726174657c693a313534323534363930393b757365726e616d657c733a31303a22737570657261646d696e223b6e616d615f6c656e676b61707c733a31353a225269666b69416e64726979616e746f223b6c6576656c7c733a313a2231223b),
('a0c6oqfp2usb5g18gl24ft7icfo1kbub', '::1', 1542552592, 0x5f5f63695f6c6173745f726567656e65726174657c693a313534323535323331323b757365726e616d657c733a31303a22737570657261646d696e223b6e616d615f6c656e676b61707c733a31353a225269666b69416e64726979616e746f223b6c6576656c7c733a313a2231223b),
('pvh3gah0h71147rkd9f03g5j0j970u5r', '::1', 1542552747, 0x5f5f63695f6c6173745f726567656e65726174657c693a313534323535323637333b757365726e616d657c733a31303a22737570657261646d696e223b6e616d615f6c656e676b61707c733a31353a225269666b69416e64726979616e746f223b6c6576656c7c733a313a2231223b),
('pi10tsbptd38od433ncd4n4bv8hnnk8n', '::1', 1542552735, 0x5f5f63695f6c6173745f726567656e65726174657c693a313534323535323733353b),
('9oo76jqfk1gpo5o1gc2d53j0rlbut4qr', '::1', 1542553288, 0x5f5f63695f6c6173745f726567656e65726174657c693a313534323535333031363b757365726e616d657c733a31303a22737570657261646d696e223b6e616d615f6c656e676b61707c733a31353a225269666b69416e64726979616e746f223b6c6576656c7c733a313a2231223b),
('2fe55rl1pjdnatsfma2brr7khbqqbu0c', '::1', 1542553760, 0x5f5f63695f6c6173745f726567656e65726174657c693a313534323535333436303b757365726e616d657c733a31303a22737570657261646d696e223b6e616d615f6c656e676b61707c733a31353a225269666b69416e64726979616e746f223b6c6576656c7c733a313a2231223b),
('8kcg5ik3qaj6f1jjoa55ibk99uv2pdru', '::1', 1542554228, 0x5f5f63695f6c6173745f726567656e65726174657c693a313534323535333939343b757365726e616d657c733a31303a22737570657261646d696e223b6e616d615f6c656e676b61707c733a31353a225269666b69416e64726979616e746f223b6c6576656c7c733a313a2231223b),
('5koenjst9d1mbue4rvjmj1m0ngqegpqm', '::1', 1542555728, 0x5f5f63695f6c6173745f726567656e65726174657c693a313534323535353433303b757365726e616d657c733a31303a22737570657261646d696e223b6e616d615f6c656e676b61707c733a31353a225269666b69416e64726979616e746f223b6c6576656c7c733a313a2231223b),
('k7ng16n0gs7hd1papj9na5m5ng6jc4an', '::1', 1542555800, 0x5f5f63695f6c6173745f726567656e65726174657c693a313534323535353734383b757365726e616d657c733a31303a22737570657261646d696e223b6e616d615f6c656e676b61707c733a31353a225269666b69416e64726979616e746f223b6c6576656c7c733a313a2231223b),
('n3p8ono2bg0agfr98o4lh6a4l5clrcb5', '::1', 1542556511, 0x5f5f63695f6c6173745f726567656e65726174657c693a313534323535363531313b757365726e616d657c733a31303a22737570657261646d696e223b6e616d615f6c656e676b61707c733a31353a225269666b69416e64726979616e746f223b6c6576656c7c733a313a2231223b),
('8srl6dlpp8tsrlhupa22jvnokn5e4jq2', '::1', 1542557317, 0x5f5f63695f6c6173745f726567656e65726174657c693a313534323535363936393b757365726e616d657c733a31303a22737570657261646d696e223b6e616d615f6c656e676b61707c733a31353a225269666b69416e64726979616e746f223b6c6576656c7c733a313a2231223b706573616e7c733a32323a226461746120626572686173696c206469206861707573223b5f5f63695f766172737c613a313a7b733a353a22706573616e223b733a333a226e6577223b7d),
('0hq78m846j0j54t3917usoc03v7o7j6b', '::1', 1542557526, 0x5f5f63695f6c6173745f726567656e65726174657c693a313534323535373331373b757365726e616d657c733a31303a22737570657261646d696e223b6e616d615f6c656e676b61707c733a31353a225269666b69416e64726979616e746f223b6c6576656c7c733a313a2231223b),
('6o5k97jd8gmegnetjb3ieqpbohlfpjgv', '::1', 1542557884, 0x5f5f63695f6c6173745f726567656e65726174657c693a313534323535373633333b757365726e616d657c733a31303a22737570657261646d696e223b6e616d615f6c656e676b61707c733a31353a225269666b69416e64726979616e746f223b6c6576656c7c733a313a2231223b),
('qc1lnh06m72d20ooqhlvpd2voc4g04bp', '::1', 1542558221, 0x5f5f63695f6c6173745f726567656e65726174657c693a313534323535373937393b757365726e616d657c733a31303a22737570657261646d696e223b6e616d615f6c656e676b61707c733a31353a225269666b69416e64726979616e746f223b6c6576656c7c733a313a2231223b),
('8r9rk4la2vcmm2os444unste1muhh4s2', '::1', 1542634107, 0x5f5f63695f6c6173745f726567656e65726174657c693a313534323633343030373b757365726e616d657c733a31303a22737570657261646d696e223b6e616d615f6c656e676b61707c733a31353a225269666b69416e64726979616e746f223b6c6576656c7c733a313a2231223b),
('j11p9eknndrqul4s2a6odrv5d1e8fv5u', '::1', 1542637916, 0x5f5f63695f6c6173745f726567656e65726174657c693a313534323633373635333b757365726e616d657c733a31303a22737570657261646d696e223b6e616d615f6c656e676b61707c733a31353a225269666b69416e64726979616e746f223b6c6576656c7c733a313a2231223b),
('i8snia97cv8b97m587j93fatf4nf25vq', '::1', 1542638322, 0x5f5f63695f6c6173745f726567656e65726174657c693a313534323633383036333b757365726e616d657c733a31303a22737570657261646d696e223b6e616d615f6c656e676b61707c733a31353a225269666b69416e64726979616e746f223b6c6576656c7c733a313a2231223b),
('kccbq57dpsc5tc396jf3jn1f85q7389s', '::1', 1542638384, 0x5f5f63695f6c6173745f726567656e65726174657c693a313534323633383338313b757365726e616d657c733a31303a22737570657261646d696e223b6e616d615f6c656e676b61707c733a31353a225269666b69416e64726979616e746f223b6c6576656c7c733a313a2231223b),
('tii8efa2pk615amqrf4a3l332as1o3cn', '::1', 1542696939, 0x5f5f63695f6c6173745f726567656e65726174657c693a313534323639363838353b757365726e616d657c733a31303a22737570657261646d696e223b6e616d615f6c656e676b61707c733a31353a225269666b69416e64726979616e746f223b6c6576656c7c733a313a2231223b),
('g95idbvli2lt281vmjpaei2obovc0iss', '::1', 1542702912, 0x5f5f63695f6c6173745f726567656e65726174657c693a313534323730323931323b757365726e616d657c733a31303a22737570657261646d696e223b6e616d615f6c656e676b61707c733a31353a225269666b69416e64726979616e746f223b6c6576656c7c733a313a2231223b),
('q2r8cc4hj5q20ks4uia7m9l8ma3ueqhl', '::1', 1542703304, 0x5f5f63695f6c6173745f726567656e65726174657c693a313534323730333330333b757365726e616d657c733a31303a22737570657261646d696e223b6e616d615f6c656e676b61707c733a31353a225269666b69416e64726979616e746f223b6c6576656c7c733a313a2231223b),
('m7bfeuogku5kl0jql6v19clhapo4avs9', '::1', 1542704114, 0x5f5f63695f6c6173745f726567656e65726174657c693a313534323730333936333b757365726e616d657c733a31303a22737570657261646d696e223b6e616d615f6c656e676b61707c733a31353a225269666b69416e64726979616e746f223b6c6576656c7c733a313a2231223b),
('a1ku83hcft0d73p2f9oggcdj3753nhgs', '::1', 1542730700, 0x5f5f63695f6c6173745f726567656e65726174657c693a313534323733303638353b757365726e616d657c733a31303a22737570657261646d696e223b6e616d615f6c656e676b61707c733a31353a225269666b69416e64726979616e746f223b6c6576656c7c733a313a2231223b),
('6t2u6m3aiap2b4uuv7s8epsovncp9bnp', '::1', 1542732228, 0x5f5f63695f6c6173745f726567656e65726174657c693a313534323733323232383b757365726e616d657c733a31303a22737570657261646d696e223b6e616d615f6c656e676b61707c733a31353a225269666b69416e64726979616e746f223b6c6576656c7c733a313a2231223b),
('7re1mj5ephpm3cdeh27ujbe3p8fa2f4n', '::1', 1542761399, 0x5f5f63695f6c6173745f726567656e65726174657c693a313534323736313339343b757365726e616d657c733a31303a22737570657261646d696e223b6e616d615f6c656e676b61707c733a31353a225269666b69416e64726979616e746f223b6c6576656c7c733a313a2231223b),
('d18s3q4roeiqu5ouqlhd2jvuladn2fuq', '::1', 1542763065, 0x5f5f63695f6c6173745f726567656e65726174657c693a313534323736323935363b757365726e616d657c733a31303a22737570657261646d696e223b6e616d615f6c656e676b61707c733a31353a225269666b69416e64726979616e746f223b6c6576656c7c733a313a2231223b),
('l7344leo0fui24fc33ccfogskanhlvfq', '::1', 1542794648, 0x5f5f63695f6c6173745f726567656e65726174657c693a313534323739343439393b757365726e616d657c733a31303a22737570657261646d696e223b6e616d615f6c656e676b61707c733a31353a225269666b69416e64726979616e746f223b6c6576656c7c733a313a2231223b),
('q5t5fgb5njigle1pc5hm4r0lbl1c91au', '::1', 1542795070, 0x5f5f63695f6c6173745f726567656e65726174657c693a313534323739343930383b757365726e616d657c733a343a22416c6966223b6e616d615f6c656e676b61707c733a31313a22416e6f2053756d61726e61223b6c6576656c7c733a313a2233223b),
('8id4j2ljlqbs214dn5h8tfl9an6jpijo', '::1', 1542872307, 0x5f5f63695f6c6173745f726567656e65726174657c693a313534323837323132343b757365726e616d657c733a31303a22737570657261646d696e223b6e616d615f6c656e676b61707c733a31353a225269666b69416e64726979616e746f223b6c6576656c7c733a313a2231223b),
('gmnoeueq36ltaba0khf67c18udi02rb3', '::1', 1542872646, 0x5f5f63695f6c6173745f726567656e65726174657c693a313534323837323435353b757365726e616d657c733a31303a22737570657261646d696e223b6e616d615f6c656e676b61707c733a31353a225269666b69416e64726979616e746f223b6c6576656c7c733a313a2231223b),
('4te9omndlr73q8ehcgatbvnu45tg9ka8', '::1', 1542872997, 0x5f5f63695f6c6173745f726567656e65726174657c693a313534323837323939373b757365726e616d657c733a31303a22737570657261646d696e223b6e616d615f6c656e676b61707c733a31353a225269666b69416e64726979616e746f223b6c6576656c7c733a313a2231223b),
('u5847ekqnkkn4rl81hsscnd8q42qs3ts', '::1', 1542876902, 0x5f5f63695f6c6173745f726567656e65726174657c693a313534323837363930323b757365726e616d657c733a31303a22737570657261646d696e223b6e616d615f6c656e676b61707c733a31353a225269666b69416e64726979616e746f223b6c6576656c7c733a313a2231223b),
('qf7vtem8p1skd7nhtldssh3qsovftud6', '::1', 1542954046, 0x5f5f63695f6c6173745f726567656e65726174657c693a313534323935343034313b757365726e616d657c733a31303a22737570657261646d696e223b6e616d615f6c656e676b61707c733a31353a225269666b69416e64726979616e746f223b6c6576656c7c733a313a2231223b),
('7b8gufu24hjvi2hctc5qkspkdb62r3v4', '::1', 1543192073, 0x5f5f63695f6c6173745f726567656e65726174657c693a313534333139323031333b757365726e616d657c733a31303a22737570657261646d696e223b6e616d615f6c656e676b61707c733a31353a225269666b69416e64726979616e746f223b6c6576656c7c733a313a2231223b),
('ac1jre426l1up88e6mphahmjl1eqcfge', '::1', 1543194430, 0x5f5f63695f6c6173745f726567656e65726174657c693a313534333139343431313b757365726e616d657c733a31303a22737570657261646d696e223b6e616d615f6c656e676b61707c733a31353a225269666b69416e64726979616e746f223b6c6576656c7c733a313a2231223b),
('tqtupb4vm4vae7onhqftofua77i7h2j8', '::1', 1543199055, 0x5f5f63695f6c6173745f726567656e65726174657c693a313534333139393035323b757365726e616d657c733a31303a22737570657261646d696e223b6e616d615f6c656e676b61707c733a31353a225269666b69416e64726979616e746f223b6c6576656c7c733a313a2231223b),
('0oiudv7jf8g2tkrdtefp8bh43db9fd7q', '::1', 1543201738, 0x5f5f63695f6c6173745f726567656e65726174657c693a313534333230313733383b757365726e616d657c733a31303a22737570657261646d696e223b6e616d615f6c656e676b61707c733a31353a225269666b69416e64726979616e746f223b6c6576656c7c733a313a2231223b),
('7rljor2bcn5frsi8rbokqkathiu7r6jt', '::1', 1543202570, 0x5f5f63695f6c6173745f726567656e65726174657c693a313534333230323333383b757365726e616d657c733a31303a22737570657261646d696e223b6e616d615f6c656e676b61707c733a31353a225269666b69416e64726979616e746f223b6c6576656c7c733a313a2231223b),
('821j48boc7re0l18s4mdt9u9kquhaa14', '::1', 1543203385, 0x5f5f63695f6c6173745f726567656e65726174657c693a313534333230333136323b757365726e616d657c733a31303a22737570657261646d696e223b6e616d615f6c656e676b61707c733a31353a225269666b69416e64726979616e746f223b6c6576656c7c733a313a2231223b),
('olgbitrg5qmi9s1g4oq8tbpbjagdmbe0', '::1', 1543204047, 0x5f5f63695f6c6173745f726567656e65726174657c693a313534333230333735353b757365726e616d657c733a31303a22737570657261646d696e223b6e616d615f6c656e676b61707c733a31353a225269666b69416e64726979616e746f223b6c6576656c7c733a313a2231223b),
('e4nv9qesf44pnf1cbv2kdfq4idr3f794', '::1', 1543205938, 0x5f5f63695f6c6173745f726567656e65726174657c693a313534333230353933303b757365726e616d657c733a343a22416c6966223b6e616d615f6c656e676b61707c733a31313a22416e6f2053756d61726e61223b6c6576656c7c733a313a2233223b),
('i3ufapr4vhotl8chjrapjehuahbfnc5e', '::1', 1543206922, 0x5f5f63695f6c6173745f726567656e65726174657c693a313534333230363632323b757365726e616d657c733a31303a22737570657261646d696e223b6e616d615f6c656e676b61707c733a31353a225269666b69416e64726979616e746f223b6c6576656c7c733a313a2231223b),
('g2jun77j8pi2b32691p6c0lkoablt1a3', '::1', 1543207117, 0x5f5f63695f6c6173745f726567656e65726174657c693a313534333230363932353b757365726e616d657c733a31303a22737570657261646d696e223b6e616d615f6c656e676b61707c733a31353a225269666b69416e64726979616e746f223b6c6576656c7c733a313a2231223b),
('2undnn54su12mcjq8vpvlmmrub0v0mrp', '::1', 1543207349, 0x5f5f63695f6c6173745f726567656e65726174657c693a313534333230373334393b757365726e616d657c733a31303a22737570657261646d696e223b6e616d615f6c656e676b61707c733a31353a225269666b69416e64726979616e746f223b6c6576656c7c733a313a2231223b),
('65iuop9bvl27hihua94s8rot7amvti5a', '::1', 1543209762, 0x5f5f63695f6c6173745f726567656e65726174657c693a313534333230393736323b757365726e616d657c733a31303a22737570657261646d696e223b6e616d615f6c656e676b61707c733a31353a225269666b69416e64726979616e746f223b6c6576656c7c733a313a2231223b);
INSERT INTO `ci_sessions` (`id`, `ip_address`, `timestamp`, `data`) VALUES
('o3onp3ilqa3qt5v22h1k3g025pd6rd9e', '::1', 1543210481, 0x5f5f63695f6c6173745f726567656e65726174657c693a313534333231303438313b757365726e616d657c733a31303a22737570657261646d696e223b6e616d615f6c656e676b61707c733a31353a225269666b69416e64726979616e746f223b6c6576656c7c733a313a2231223b),
('ma65dsg2dolpshm40ci2r4mkg4j4m70h', '::1', 1543229075, 0x5f5f63695f6c6173745f726567656e65726174657c693a313534333232383834353b757365726e616d657c733a31303a22737570657261646d696e223b6e616d615f6c656e676b61707c733a31353a225269666b69416e64726979616e746f223b6c6576656c7c733a313a2231223b),
('m9l37n01r94ron8ldkkf4uf3m53qsj0h', '::1', 1543229439, 0x5f5f63695f6c6173745f726567656e65726174657c693a313534333232393230343b757365726e616d657c733a31303a22737570657261646d696e223b6e616d615f6c656e676b61707c733a31353a225269666b69416e64726979616e746f223b6c6576656c7c733a313a2231223b),
('ooa99v013oef80b6gb8jifte62vt6d3r', '::1', 1543229660, 0x5f5f63695f6c6173745f726567656e65726174657c693a313534333232393533343b757365726e616d657c733a31303a22737570657261646d696e223b6e616d615f6c656e676b61707c733a31353a225269666b69416e64726979616e746f223b6c6576656c7c733a313a2231223b),
('39jgf5ahaorpk21i1g0fa578sds77cfu', '::1', 1543230539, 0x5f5f63695f6c6173745f726567656e65726174657c693a313534333233303235333b757365726e616d657c733a31303a22737570657261646d696e223b6e616d615f6c656e676b61707c733a31353a225269666b69416e64726979616e746f223b6c6576656c7c733a313a2231223b),
('gkslg9il98ajvv77nh7eq91064aink70', '::1', 1543241952, 0x5f5f63695f6c6173745f726567656e65726174657c693a313534333234313730393b757365726e616d657c733a31303a22737570657261646d696e223b6e616d615f6c656e676b61707c733a31353a225269666b69416e64726979616e746f223b6c6576656c7c733a313a2231223b696e666f7c733a32303a22446174612053756461682044692053696d70616e223b5f5f63695f766172737c613a313a7b733a343a22696e666f223b733a333a226f6c64223b7d),
('oq712rlb24pv69qolbq88g47bun27et1', '::1', 1543242948, 0x5f5f63695f6c6173745f726567656e65726174657c693a313534333234323733353b757365726e616d657c733a31303a22737570657261646d696e223b6e616d615f6c656e676b61707c733a31353a225269666b69416e64726979616e746f223b6c6576656c7c733a313a2231223b),
('nqikl3ri63rju84nvr9a0vt7s595e19j', '::1', 1543243278, 0x5f5f63695f6c6173745f726567656e65726174657c693a313534333234333035313b757365726e616d657c733a31303a22737570657261646d696e223b6e616d615f6c656e676b61707c733a31353a225269666b69416e64726979616e746f223b6c6576656c7c733a313a2231223b),
('jc8f7ise3ib7mevelg1oa7vtth76vb2c', '::1', 1543243679, 0x5f5f63695f6c6173745f726567656e65726174657c693a313534333234333338383b757365726e616d657c733a31303a22737570657261646d696e223b6e616d615f6c656e676b61707c733a31353a225269666b69416e64726979616e746f223b6c6576656c7c733a313a2231223b),
('ca45f1iuerka9qvhilda3snff7d1vket', '::1', 1543244033, 0x5f5f63695f6c6173745f726567656e65726174657c693a313534333234333735333b757365726e616d657c733a31303a22737570657261646d696e223b6e616d615f6c656e676b61707c733a31353a225269666b69416e64726979616e746f223b6c6576656c7c733a313a2231223b),
('neepffk8elnq01ff1lo7s077ud6g40mf', '::1', 1543244168, 0x5f5f63695f6c6173745f726567656e65726174657c693a313534333234343038383b757365726e616d657c733a31303a22737570657261646d696e223b6e616d615f6c656e676b61707c733a31353a225269666b69416e64726979616e746f223b6c6576656c7c733a313a2231223b),
('4mp0g4nrm2uusobeuuaqtca262r5trqh', '::1', 1543244601, 0x5f5f63695f6c6173745f726567656e65726174657c693a313534333234343630313b757365726e616d657c733a31303a22737570657261646d696e223b6e616d615f6c656e676b61707c733a31353a225269666b69416e64726979616e746f223b6c6576656c7c733a313a2231223b),
('ge354a6c8t3vgrl9rjsjr3jpamankvrb', '::1', 1543249852, 0x5f5f63695f6c6173745f726567656e65726174657c693a313534333234393835323b757365726e616d657c733a31303a22737570657261646d696e223b6e616d615f6c656e676b61707c733a31353a225269666b69416e64726979616e746f223b6c6576656c7c733a313a2231223b),
('5dcqbrks4ip52rgkn6gfburfvcl27i56', '::1', 1543250484, 0x5f5f63695f6c6173745f726567656e65726174657c693a313534333235303139393b757365726e616d657c733a31303a22737570657261646d696e223b6e616d615f6c656e676b61707c733a31353a225269666b69416e64726979616e746f223b6c6576656c7c733a313a2231223b),
('9grf36oif9j1p7me2v4prjm05cfb5d1q', '::1', 1543250890, 0x5f5f63695f6c6173745f726567656e65726174657c693a313534333235303837393b757365726e616d657c733a343a22416c6966223b6e616d615f6c656e676b61707c733a31313a22416e6f2053756d61726e61223b6c6576656c7c733a313a2233223b),
('756j3ocptf8d95am7fih1hf8a9eip3s8', '::1', 1543252155, 0x5f5f63695f6c6173745f726567656e65726174657c693a313534333235323030323b757365726e616d657c733a343a22416c6966223b6e616d615f6c656e676b61707c733a31313a22416e6f2053756d61726e61223b6c6576656c7c733a313a2233223b),
('38h0sepl1lrmc0vmd4ms49mjmq4mv482', '::1', 1543254161, 0x5f5f63695f6c6173745f726567656e65726174657c693a313534333235333932363b757365726e616d657c733a31303a22737570657261646d696e223b6e616d615f6c656e676b61707c733a31353a225269666b69416e64726979616e746f223b6c6576656c7c733a313a2231223b696e666f7c733a31393a224461746120737564616820646973696d70616e223b5f5f63695f766172737c613a313a7b733a343a22696e666f223b733a333a226f6c64223b7d),
('9eh1gkhcro2h3sudenvl94fbft8i7c0b', '::1', 1543254585, 0x5f5f63695f6c6173745f726567656e65726174657c693a313534333235343335363b757365726e616d657c733a31303a22737570657261646d696e223b6e616d615f6c656e676b61707c733a31353a225269666b69416e64726979616e746f223b6c6576656c7c733a313a2231223b),
('o3as1cplv2frdv2legv5f4tq4qqbbevn', '::1', 1543254727, 0x5f5f63695f6c6173745f726567656e65726174657c693a313534333235343730343b757365726e616d657c733a31303a22737570657261646d696e223b6e616d615f6c656e676b61707c733a31353a225269666b69416e64726979616e746f223b6c6576656c7c733a313a2231223b696e666f7c733a31393a224461746120737564616820646973696d70616e223b5f5f63695f766172737c613a313a7b733a343a22696e666f223b733a333a226f6c64223b7d),
('2k2209ja3fmo7nfumt4pf2obgg2hmoni', '::1', 1543280758, 0x5f5f63695f6c6173745f726567656e65726174657c693a313534333238303438383b757365726e616d657c733a343a22416c6966223b6e616d615f6c656e676b61707c733a31313a22416e6f2053756d61726e61223b6c6576656c7c733a313a2233223b),
('ko22iqkd4bqeeqvn80bpph0a1bv3smm3', '::1', 1543281133, 0x5f5f63695f6c6173745f726567656e65726174657c693a313534333238303833333b757365726e616d657c733a343a22416c6966223b6e616d615f6c656e676b61707c733a31313a22416e6f2053756d61726e61223b6c6576656c7c733a313a2233223b),
('nhs687h1bqdgpve8mb2feout220vj594', '::1', 1543281311, 0x5f5f63695f6c6173745f726567656e65726174657c693a313534333238313231353b757365726e616d657c733a353a22796179616e223b6e616d615f6c656e676b61707c733a31343a22446164616e2053756c697374696f223b6c6576656c7c733a313a2232223b),
('fmgu65gn07t7fnv5qdeh4mm2j239qnpo', '::1', 1543282211, 0x5f5f63695f6c6173745f726567656e65726174657c693a313534333238323230323b757365726e616d657c733a31303a22737570657261646d696e223b6e616d615f6c656e676b61707c733a31353a225269666b69416e64726979616e746f223b6c6576656c7c733a313a2231223b),
('82v6bcg6tq50ii2h4er2g4d3t1iov1ab', '::1', 1543282774, 0x5f5f63695f6c6173745f726567656e65726174657c693a313534333238323734373b757365726e616d657c733a31303a22737570657261646d696e223b6e616d615f6c656e676b61707c733a31353a225269666b69416e64726979616e746f223b6c6576656c7c733a313a2231223b706573616e7c733a363a2273756b736573223b5f5f63695f766172737c613a313a7b733a353a22706573616e223b733a333a226f6c64223b7d),
('7k8uf70829l75hejaeii2484biv7vkdc', '::1', 1543461485, 0x5f5f63695f6c6173745f726567656e65726174657c693a313534333436313436363b757365726e616d657c733a31303a22737570657261646d696e223b6e616d615f6c656e676b61707c733a31353a225269666b69416e64726979616e746f223b6c6576656c7c733a313a2231223b),
('8ct2sa9g5kjvn1u0d2vbgds590p28kug', '::1', 1545229810, 0x5f5f63695f6c6173745f726567656e65726174657c693a313534353232393739373b757365726e616d657c733a31303a22737570657261646d696e223b6e616d615f6c656e676b61707c733a31353a225269666b69416e64726979616e746f223b6c6576656c7c733a313a2231223b),
('h4s4q59g208kcb5aseo0pstuce9rkqsd', '::1', 1545401401, 0x5f5f63695f6c6173745f726567656e65726174657c693a313534353430313232383b757365726e616d657c733a31303a22737570657261646d696e223b6e616d615f6c656e676b61707c733a31353a225269666b69416e64726979616e746f223b6c6576656c7c733a313a2231223b),
('rqko73bnfraamahpvg298ct68rvv6mur', '::1', 1545432685, 0x5f5f63695f6c6173745f726567656e65726174657c693a313534353433323432363b757365726e616d657c733a353a227369737761223b6e616d615f6c656e676b61707c733a31313a22416e6f2053756d61726e61223b6c6576656c7c733a313a2233223b),
('duvqj0senhrtpitohrr7n3up7pghc41r', '::1', 1545433173, 0x5f5f63695f6c6173745f726567656e65726174657c693a313534353433323837393b757365726e616d657c733a353a227369737761223b6e616d615f6c656e676b61707c733a31313a22416e6f2053756d61726e61223b6c6576656c7c733a313a2233223b),
('tcabjsalfu2l2lbqmilp86g8cslluvnt', '::1', 1545443292, 0x5f5f63695f6c6173745f726567656e65726174657c693a313534353434333135363b757365726e616d657c733a31303a22737570657261646d696e223b6e616d615f6c656e676b61707c733a31353a225269666b69416e64726979616e746f223b6c6576656c7c733a313a2231223b),
('k8n9absuljjdt5cpilai5vl7qfb4p0fl', '::1', 1545443475, 0x5f5f63695f6c6173745f726567656e65726174657c693a313534353434333436363b757365726e616d657c733a31303a22737570657261646d696e223b6e616d615f6c656e676b61707c733a31353a225269666b69416e64726979616e746f223b6c6576656c7c733a313a2231223b),
('k9m4rtnvbojq9q8ed4uopkp2h8ligo3n', '::1', 1545444003, 0x5f5f63695f6c6173745f726567656e65726174657c693a313534353434333936303b757365726e616d657c733a31303a22737570657261646d696e223b6e616d615f6c656e676b61707c733a31353a225269666b69416e64726979616e746f223b6c6576656c7c733a313a2231223b),
('21l6d5c9qv22ve1srau49tp46t3g1mtd', '::1', 1545446846, 0x5f5f63695f6c6173745f726567656e65726174657c693a313534353434363834353b757365726e616d657c733a31303a22737570657261646d696e223b6e616d615f6c656e676b61707c733a31353a225269666b69416e64726979616e746f223b6c6576656c7c733a313a2231223b),
('atdolidahhe4009qdgmmup0n5icra4lk', '::1', 1545450736, 0x5f5f63695f6c6173745f726567656e65726174657c693a313534353435303436343b757365726e616d657c733a31303a22737570657261646d696e223b6e616d615f6c656e676b61707c733a31353a225269666b69416e64726979616e746f223b6c6576656c7c733a313a2231223b),
('it551gstr8kjoi0t39t3kdf63ht580f9', '::1', 1545450944, 0x5f5f63695f6c6173745f726567656e65726174657c693a313534353435303736393b757365726e616d657c733a31303a22737570657261646d696e223b6e616d615f6c656e676b61707c733a31353a225269666b69416e64726979616e746f223b6c6576656c7c733a313a2231223b),
('6cpuk8nns7q4e0efpp26pthb5bm5vcp6', '::1', 1545451293, 0x5f5f63695f6c6173745f726567656e65726174657c693a313534353435313131323b757365726e616d657c733a31303a22737570657261646d696e223b6e616d615f6c656e676b61707c733a31353a225269666b69416e64726979616e746f223b6c6576656c7c733a313a2231223b),
('c0p8bg0an9choko22n5uonj9edsdt7ip', '::1', 1545905874, 0x5f5f63695f6c6173745f726567656e65726174657c693a313534353930353836313b757365726e616d657c733a31303a22737570657261646d696e223b6e616d615f6c656e676b61707c733a31353a225269666b69416e64726979616e746f223b6c6576656c7c733a313a2231223b),
('h681biep3br3vbb89o5lhhvod5ur355d', '::1', 1545907806, 0x5f5f63695f6c6173745f726567656e65726174657c693a313534353930373737303b757365726e616d657c733a31303a22737570657261646d696e223b6e616d615f6c656e676b61707c733a31353a225269666b69416e64726979616e746f223b6c6576656c7c733a313a2231223b),
('hr03pfd2dfgi2jve5s0sovut2bdj7aqp', '::1', 1545908684, 0x5f5f63695f6c6173745f726567656e65726174657c693a313534353930383638343b757365726e616d657c733a31303a22737570657261646d696e223b6e616d615f6c656e676b61707c733a31353a225269666b69416e64726979616e746f223b6c6576656c7c733a313a2231223b),
('h8g8rcbscg9im0tlvmgsg1emqrdq3biv', '::1', 1545950598, 0x5f5f63695f6c6173745f726567656e65726174657c693a313534353935303330363b757365726e616d657c733a31303a22737570657261646d696e223b6e616d615f6c656e676b61707c733a31353a225269666b69416e64726979616e746f223b6c6576656c7c733a313a2231223b),
('brqq33hslv64jtadfm826nv1kospppoi', '::1', 1546498114, 0x5f5f63695f6c6173745f726567656e65726174657c693a313534363439383130353b757365726e616d657c733a31303a22737570657261646d696e223b6e616d615f6c656e676b61707c733a31353a225269666b69416e64726979616e746f223b6c6576656c7c733a313a2231223b),
('pd9efojth92hj9bgkl6fqjb5cpj53e8n', '::1', 1546745020, 0x5f5f63695f6c6173745f726567656e65726174657c693a313534363734353031393b),
('pbhann7e2vq9d1m5jf52plmbva4ju379', '::1', 1547007160, 0x5f5f63695f6c6173745f726567656e65726174657c693a313534373030373136303b),
('gvao52f7rapbrpkhrggjlmd117t29g80', '::1', 1547007968, 0x5f5f63695f6c6173745f726567656e65726174657c693a313534373030373932333b757365726e616d657c733a31303a22737570657261646d696e223b6e616d615f6c656e676b61707c733a31353a225269666b69416e64726979616e746f223b6c6576656c7c733a313a2231223b),
('6jos40meeu937hvga1t8ocflobssithe', '::1', 1547008355, 0x5f5f63695f6c6173745f726567656e65726174657c693a313534373030383335353b757365726e616d657c733a31303a22737570657261646d696e223b6e616d615f6c656e676b61707c733a31353a225269666b69416e64726979616e746f223b6c6576656c7c733a313a2231223b),
('7aori2qpccib4tot0nnghe9qutc168io', '::1', 1547010103, 0x5f5f63695f6c6173745f726567656e65726174657c693a313534373030393831323b757365726e616d657c733a343a2267757275223b6e616d615f6c656e676b61707c733a31343a22446164616e2053756c697374696f223b6c6576656c7c733a313a2232223b696e666f7c733a32303a22446174612053756461682044692053696d70616e223b5f5f63695f766172737c613a313a7b733a343a22696e666f223b733a333a226f6c64223b7d),
('resfol65obqkl9ahps9dd77pducqolpm', '::1', 1547010237, 0x5f5f63695f6c6173745f726567656e65726174657c693a313534373031303132343b757365726e616d657c733a31303a22737570657261646d696e223b6e616d615f6c656e676b61707c733a31353a225269666b69416e64726979616e746f223b6c6576656c7c733a313a2231223b),
('tcl08utkam7eeb28tf34b0v5mcqs942u', '::1', 1547446338, 0x5f5f63695f6c6173745f726567656e65726174657c693a313534373434363332393b757365726e616d657c733a343a2267757275223b6e616d615f6c656e676b61707c733a31343a22446164616e2053756c697374696f223b6c6576656c7c733a313a2232223b);

-- --------------------------------------------------------

--
-- Table structure for table `contact`
--

CREATE TABLE `contact` (
  `id` int(11) NOT NULL,
  `nama` varchar(25) NOT NULL,
  `subject` varchar(50) NOT NULL,
  `email` varchar(35) NOT NULL,
  `pesan` varchar(225) NOT NULL
) ENGINE=InnoDB DEFAULT CHARSET=latin1;

--
-- Dumping data for table `contact`
--

INSERT INTO `contact` (`id`, `nama`, `subject`, `email`, `pesan`) VALUES
(4, 'rifki', 'mantap', 'rifki@gmail.com', 'webnya bagus :)'),
(5, 'arif', 'ntap', 'arif@gmail.com', 'ntap gan  webnya'),
(6, 'aaaaaaaaaaa', 'wwwwwwwwwwwww', 'rifkisadega@gmail.com', 'errrrrrrrrrrrrrrr');

-- --------------------------------------------------------

--
-- Table structure for table `group`
--

CREATE TABLE `group` (
  `group_id` int(11) NOT NULL,
  `nama` varchar(200) NOT NULL
) ENGINE=InnoDB DEFAULT CHARSET=latin1;

--
-- Dumping data for table `group`
--

INSERT INTO `group` (`group_id`, `nama`) VALUES
(1, 'Orangtua Siswa'),
(2, 'Siswa'),
(3, 'Guru');

-- --------------------------------------------------------

--
-- Table structure for table `guru`
--

CREATE TABLE `guru` (
  `nip` varchar(35) NOT NULL,
  `nm_guru` varchar(30) NOT NULL,
  `jabatan` varchar(20) NOT NULL,
  `jenis_kelamin` varchar(20) NOT NULL,
  `tempat_lahir` varchar(20) NOT NULL,
  `tanggal_lahir` varchar(20) NOT NULL,
  `alamat_rumah` varchar(80) NOT NULL,
  `notelp_guru` varchar(20) NOT NULL
) ENGINE=InnoDB DEFAULT CHARSET=latin1;

--
-- Dumping data for table `guru`
--

INSERT INTO `guru` (`nip`, `nm_guru`, `jabatan`, `jenis_kelamin`, `tempat_lahir`, `tanggal_lahir`, `alamat_rumah`, `notelp_guru`) VALUES
('198602252015071055', 'Dadan Sulistio', 'Guru Asrama', 'Laki-laki', 'KUNINGAN', '02/25/1986', 'Jl Pramuka RT 05/07', '087725580756'),
('198909202015051053', 'Mahpudin', 'Kepala Sekolah', 'Laki-laki', 'KUNINGAN', '07/03/1989', 'Satum RT 12/3 Dusun 03 Jalaksana', '081214541744'),
('198909202016071189', 'Yosep Kurnia', 'Guru Sekolah', 'Laki-laki', 'KUNINGAN', '09/20/1989', 'Griya Bojang Indah Awirarangan', '089880750829'),
('1990081920161079', 'Dadi Setiawan', 'Wasek Kurikulum', 'Laki-laki', 'KUNINGAN', '08/19/1990', 'Galaherang RT 03/03 Maleber', '083220723870'),
('199103312015061076', 'Ano Sumarna', 'Guru Sekolah', 'Laki-laki', 'KUNINGAN', '03/31/1991', 'Tanah Bru No. 88 RT 13/06 Dusun Wage Kadugede', '085724088090'),
('199104252015062322', 'Lili Karmelia', 'Guru Asrama', 'Perempuan', 'Cirebon', '04/25/1991', 'Beber RT 06/03', '085324750098'),
('199203132016072005', 'Dewi Kurnia', 'Guru Sekolah', 'Perempuan', 'KUNINGAN', '03/13/1992', 'Jl. Tomik RT 14/4 Jalaksana', '082324008008');

-- --------------------------------------------------------

--
-- Table structure for table `jadwal_pelajaran`
--

CREATE TABLE `jadwal_pelajaran` (
  `kd_jadwal` varchar(20) NOT NULL,
  `kd_pelajaran` varchar(20) NOT NULL,
  `nip` varchar(30) NOT NULL,
  `kd_kelas` varchar(20) NOT NULL,
  `hari` varchar(20) NOT NULL,
  `waktu` varchar(20) NOT NULL
) ENGINE=InnoDB DEFAULT CHARSET=latin1;

--
-- Dumping data for table `jadwal_pelajaran`
--

INSERT INTO `jadwal_pelajaran` (`kd_jadwal`, `kd_pelajaran`, `nip`, `kd_kelas`, `hari`, `waktu`) VALUES
('0023', '01', '199104252015062322', '03', 'Jumat', '15.20 - 16.40'),
('010', 'E', '198909202015051053', '01', 'Rabu', '08.20 - 09.00'),
('0234', 'C', '198909202015051053', '02', 'Senin', '09.40 - 10.20'),
('03', 'C', '198909202015051053', '02', 'Rabu', '07.40 - 08.20'),
('1B', 'D', '198909202016071189', '01', 'Senin', '08.20 - 09.00'),
('1C', 'C', '199104252015062322', '01', 'Senin', '10.20 - 11.40'),
('9090', 'B', '198602252015071055', '03', 'Selasa', '09.00 - 10.20'),
('99', 'B', '198602252015071055', '02', 'Rabu', '14.40 - 15.20');

-- --------------------------------------------------------

--
-- Table structure for table `kelas`
--

CREATE TABLE `kelas` (
  `kd_kelas` varchar(5) NOT NULL,
  `nm_kelas` varchar(10) NOT NULL,
  `nip` varchar(20) NOT NULL
) ENGINE=InnoDB DEFAULT CHARSET=latin1;

--
-- Dumping data for table `kelas`
--

INSERT INTO `kelas` (`kd_kelas`, `nm_kelas`, `nip`) VALUES
('01', '7-A', '198602252015071055'),
('02', '8-A', '198909202016071189');

-- --------------------------------------------------------

--
-- Table structure for table `mata_pelajaran`
--

CREATE TABLE `mata_pelajaran` (
  `kd_pelajaran` varchar(20) NOT NULL,
  `nm_pelajaran` varchar(30) NOT NULL,
  `bobot` varchar(5) NOT NULL
) ENGINE=InnoDB DEFAULT CHARSET=latin1;

--
-- Dumping data for table `mata_pelajaran`
--

INSERT INTO `mata_pelajaran` (`kd_pelajaran`, `nm_pelajaran`, `bobot`) VALUES
('B', 'B. Inggris', '4'),
('C', 'B. Seni Budaya', '2'),
('D', 'PKn', '2'),
('E', 'IPS Terpadu', '4'),
('F', 'Matematika', '4'),
('G', 'IPA Terpadu', '4'),
('H', 'B. Sunda', '2'),
('I', 'PJOK', '2'),
('J', 'PAI', '2'),
('K', 'Al-Quran & Hadits', '2'),
('L', 'SKI', '2'),
('M', 'Aqidah akhlaq\r\n', '2');

-- --------------------------------------------------------

--
-- Table structure for table `nilai`
--

CREATE TABLE `nilai` (
  `kd_nilai` varchar(30) NOT NULL,
  `nis` varchar(30) NOT NULL,
  `kd_pelajaran` varchar(30) NOT NULL,
  `nip` varchar(30) NOT NULL,
  `tugas` varchar(10) NOT NULL,
  `uts` varchar(10) NOT NULL,
  `uas` varchar(10) NOT NULL
) ENGINE=InnoDB DEFAULT CHARSET=latin1;

--
-- Dumping data for table `nilai`
--

INSERT INTO `nilai` (`kd_nilai`, `nis`, `kd_pelajaran`, `nip`, `tugas`, `uts`, `uas`) VALUES
('008', '0045179952', 'K', '1990081920161079', '90', '70', '80'),
('0081', '0045179952', 'J', '199104252015062322', '90', '90', '80'),
('01', '0045179952', 'C', '198909202015051053', '70', '80', '95'),
('010', '0041334237', 'D', '198602252015071055', '80', '80', '80'),
('011', '0045179952', 'D', '1990081920161079', '80', '70', '85'),
('0113', '0067858773', 'C', '198602252015071055', '90', '90', '89'),
('012', '0041334237', 'C', '198909202015051053', '90', '80', '75'),
('013', '0045179953', 'D', '1990081920161079', '80', '70', '80'),
('014', '0046335861', 'D', '1990081920161079', '90', '90', '80'),
('02341', '0045179952', 'H', '1990081920161079', '90', '65', '70'),
('04', '0045179952', 'E', '1990081920161079', '90', '70', '90'),
('05', '0045179953', 'C', '198909202015051053', '90', '80', '90'),
('06', '0041334237', 'B', '198909202016071189', '80', '90', '80'),
('07', '0045179952', 'B', '198909202016071189', '70', '65', '70'),
('08', '0045179953', 'B', '198909202016071189', '80', '80', '70'),
('09', '0046335861', 'B', '198909202016071189', '80', '90', '70');

-- --------------------------------------------------------

--
-- Table structure for table `pesan`
--

CREATE TABLE `pesan` (
  `kd_pesan` varchar(10) NOT NULL,
  `nomor` varchar(17) NOT NULL,
  `pesan` text NOT NULL
) ENGINE=InnoDB DEFAULT CHARSET=latin1;

-- --------------------------------------------------------

--
-- Table structure for table `phonebook`
--

CREATE TABLE `phonebook` (
  `phonebook_id` int(11) NOT NULL,
  `namakontak` varchar(30) NOT NULL,
  `no_hp` varchar(19) NOT NULL,
  `email` varchar(50) NOT NULL,
  `groupid` int(5) NOT NULL
) ENGINE=InnoDB DEFAULT CHARSET=latin1;

--
-- Dumping data for table `phonebook`
--

INSERT INTO `phonebook` (`phonebook_id`, `namakontak`, `no_hp`, `email`, `groupid`) VALUES
(4, 'Rahmad Umarta', '085231531650', 'admin@admin.com', 1),
(5, 'Kendri Pratama', '085363697558', 'admin@admin.com', 1),
(6, 'Adam', '0818114343', 'admin@admin.com', 3),
(7, 'satria', '089650059321', 'admin@admin.com', 3),
(10, 'rifki', '082118751925', 'rifki@gmail.com', 2);

-- --------------------------------------------------------

--
-- Table structure for table `setting`
--

CREATE TABLE `setting` (
  `namaaplikasi` varchar(30) NOT NULL,
  `footer` varchar(30) NOT NULL
) ENGINE=InnoDB DEFAULT CHARSET=latin1;

--
-- Dumping data for table `setting`
--

INSERT INTO `setting` (`namaaplikasi`, `footer`) VALUES
('SMS MANAGER', 'Rifki Andriyanto');

-- --------------------------------------------------------

--
-- Table structure for table `siswa`
--

CREATE TABLE `siswa` (
  `nis` varchar(20) NOT NULL,
  `nm_siswa` varchar(30) NOT NULL,
  `kd_kelas` varchar(20) NOT NULL,
  `jenis_kelamin` varchar(20) NOT NULL,
  `tempat_lahir` varchar(20) NOT NULL,
  `tanggal_lahir` varchar(20) NOT NULL,
  `alamat_rumah` varchar(80) NOT NULL,
  `notelp_siswa` varchar(20) NOT NULL,
  `notelp_orangtua` varchar(20) NOT NULL
) ENGINE=InnoDB DEFAULT CHARSET=latin1;

--
-- Dumping data for table `siswa`
--

INSERT INTO `siswa` (`nis`, `nm_siswa`, `kd_kelas`, `jenis_kelamin`, `tempat_lahir`, `tanggal_lahir`, `alamat_rumah`, `notelp_siswa`, `notelp_orangtua`) VALUES
('0041334237', 'Fajar Erlangga', '02', 'Laki-laki', 'Kuningan', '05/02/2004', 'Jalan Tomik RT18/04 Dusun IV Jalaksana', '085432505320', '089660665898'),
('0045179952', 'Sri Nurdiyanti', '02', 'Perempuan', 'Kuningan', '08/31/2004', 'Satum RT 12/03	Dusun III Jalaksana', '082705850098', '087858090824'),
('0045179953', 'Syalaisha Amani Fatihah', '02', 'Perempuan', 'Kuningan', '09/27/2004', 'Jalan Satum RT 12/3 Dusun III Jalaksana', '085387176304', '082112895321'),
('0046335861', 'Rifky Agustian', '02', 'Laki-laki', 'Kuningan', '08/28/2004', 'Cirendang RT 13/05 Karoya Cirendang', '082824372505', '085204372870'),
('0057823135', 'Asep Jajang', '01', 'Laki-laki', 'Kuningan', '09/30/2005', 'Dusun 1 RT 03/01 Sangkanerang Kec. Jalaksana', '085813334493', '089550663823'),
('0059872613', 'Alif Alfiana Kusuma', '01', 'Laki-laki', 'Cirebon', '05/22/2005', 'imam bonjol RT 01/02 Sindang Kempeng Kec. Greged', '083550829309', '082315362306'),
('0061917538', 'Aldi Rivaldi', '01', 'Laki-laki', 'Kuningan', '02/16/2006', 'Dusun 1 RT 03/1 Sangkanerang, Jalaksana', '082415462309', '087724302509'),
('0067858773', 'Dimas Prasetyo', '01', 'Laki-laki', 'Indramayu', '07/05/2006', 'Desa Sayana RT 07/02 Dusun II Sayana Kec. Jalaksana', '085432505320', '089660665898'),
('0069000308', 'Aulia Eka Putri', '01', 'Laki-laki', 'Kuningan', '10/06/2006', 'Nusa Indah 03 RT 05/07 Wanasari Kec. Cibitung', '0838230739', '085324050878'),
('12347', 'yuni', '01', 'Laki-laki', 'kuningan', '12/08/2018', 'kuninggan', '08', '');

-- --------------------------------------------------------

--
-- Table structure for table `user`
--

CREATE TABLE `user` (
  `kd_user` varchar(20) NOT NULL,
  `username` varchar(30) NOT NULL,
  `password` varchar(50) NOT NULL,
  `nama` varchar(30) NOT NULL,
  `level` varchar(5) NOT NULL
) ENGINE=InnoDB DEFAULT CHARSET=latin1;

--
-- Dumping data for table `user`
--

INSERT INTO `user` (`kd_user`, `username`, `password`, `nama`, `level`) VALUES
('198602252015071055', 'guru', 'fae0b27c451c728867a567e8c1bb4e53', 'Dadan Sulistio', '2'),
('53123', 'superadmin', 'fae0b27c451c728867a567e8c1bb4e53', 'RifkiAndriyanto', '1'),
('59872613', 'siswa', 'fae0b27c451c728867a567e8c1bb4e53', 'Ano Sumarna', '3');

--
-- Indexes for dumped tables
--

--
-- Indexes for table `api`
--
ALTER TABLE `api`
  ADD PRIMARY KEY (`id`);

--
-- Indexes for table `contact`
--
ALTER TABLE `contact`
  ADD PRIMARY KEY (`id`);

--
-- Indexes for table `group`
--
ALTER TABLE `group`
  ADD PRIMARY KEY (`group_id`);

--
-- Indexes for table `guru`
--
ALTER TABLE `guru`
  ADD PRIMARY KEY (`nip`);

--
-- Indexes for table `jadwal_pelajaran`
--
ALTER TABLE `jadwal_pelajaran`
  ADD PRIMARY KEY (`kd_jadwal`);

--
-- Indexes for table `kelas`
--
ALTER TABLE `kelas`
  ADD PRIMARY KEY (`kd_kelas`);

--
-- Indexes for table `mata_pelajaran`
--
ALTER TABLE `mata_pelajaran`
  ADD PRIMARY KEY (`kd_pelajaran`);

--
-- Indexes for table `nilai`
--
ALTER TABLE `nilai`
  ADD PRIMARY KEY (`kd_nilai`);

--
-- Indexes for table `pesan`
--
ALTER TABLE `pesan`
  ADD PRIMARY KEY (`kd_pesan`);

--
-- Indexes for table `phonebook`
--
ALTER TABLE `phonebook`
  ADD PRIMARY KEY (`phonebook_id`);

--
-- Indexes for table `setting`
--
ALTER TABLE `setting`
  ADD PRIMARY KEY (`namaaplikasi`);

--
-- Indexes for table `siswa`
--
ALTER TABLE `siswa`
  ADD PRIMARY KEY (`nis`);

--
-- Indexes for table `user`
--
ALTER TABLE `user`
  ADD PRIMARY KEY (`kd_user`);

--
-- AUTO_INCREMENT for dumped tables
--

--
-- AUTO_INCREMENT for table `api`
--
ALTER TABLE `api`
  MODIFY `id` int(11) NOT NULL AUTO_INCREMENT, AUTO_INCREMENT=2;

--
-- AUTO_INCREMENT for table `contact`
--
ALTER TABLE `contact`
  MODIFY `id` int(11) NOT NULL AUTO_INCREMENT, AUTO_INCREMENT=7;

--
-- AUTO_INCREMENT for table `group`
--
ALTER TABLE `group`
  MODIFY `group_id` int(11) NOT NULL AUTO_INCREMENT, AUTO_INCREMENT=4;

--
-- AUTO_INCREMENT for table `phonebook`
--
ALTER TABLE `phonebook`
  MODIFY `phonebook_id` int(11) NOT NULL AUTO_INCREMENT, AUTO_INCREMENT=11;
COMMIT;

/*!40101 SET CHARACTER_SET_CLIENT=@OLD_CHARACTER_SET_CLIENT */;
/*!40101 SET CHARACTER_SET_RESULTS=@OLD_CHARACTER_SET_RESULTS */;
/*!40101 SET COLLATION_CONNECTION=@OLD_COLLATION_CONNECTION */;
